Company,"City, State",City,State,LAT,LON,Project Type,Category,Technology,Source,Source for table,Project Size (text),Project Size ($),Total Jobs Expected,Facility Jobs,Construction Jobs,Grants,Loans,Status
Air Liquide,"Phoenix, AZ",Phoenix,AZ,33.3484367,-112.074141,New Facility,Materials,,https://www.businesswire.com/news/home/20220125005756/en/Air-Liquide-Announces-Long-Term-Agreement-to-Supply-Semiconductor-Manufacturing-Site-in-Arizona,[Source](https://www.businesswire.com/news/home/20220125005756/en/Air-Liquide-Announces-Long-Term-Agreement-to-Supply-Semiconductor-Manufacturing-Site-in-Arizona),$60 million,"$60,000,000 ",Not Available,,Not Available,,,
Amkor,"Peoria, AZ",Peoria,AZ,33.5806115,-112.237294,New Facility,Packaging,Advanced packaging,https://www.nist.gov/chips/amkor-technology-inc-arizona-peoria,[Source](https://www.nist.gov/chips/amkor-technology-inc-arizona-peoria),$1.7 billion,"$1,700,000,000 ",4000,2000,2000,$407 million,N/A,"Final Award (Dec. 20, 2024)"
ASM,"Scottsdale, AZ",Scottsdale,AZ,33.4942189,-111.926018,New Facility,R&D Facility,,https://www.asm.com/press-releases/2791329,[Source](https://www.asm.com/press-releases/2791329),$324 million,"$324,000,000 ",500,500,Not Available,,,
ASML,"Chandler, AZ",Chandler,AZ,33.2861605,-111.78125,Expansion,Equipment,,https://www.chandleraz.gov/news-center/semiconductor-equipment-manufacturer-plans-additional-hiring-growth-chandler-and-signs,[Source](https://www.chandleraz.gov/news-center/semiconductor-equipment-manufacturer-plans-additional-hiring-growth-chandler-and-signs),Not Available,Not Available,100,100,Not Available,,,
Chang Chun Group,"Casa Grande, AZ",Casa Grande,AZ,32.8795022,-111.657352,New Facility,Materials,,https://www.bizjournals.com/phoenix/news/2022/07/08/casa-grande-tsmc-chang-chun.html,[Source](https://www.bizjournals.com/phoenix/news/2022/07/08/casa-grande-tsmc-chang-chun.html),$400 million,"$400,000,000 ",209,209,Not Available,,,
Edwards Vacuum,"Chandler, AZ",Chandler,AZ,33.2061605,-111.84125,New Facility,Equipment,,https://www.bizjournals.com/phoenix/news/2022/03/03/semiconductor-supplier-to-open-manufacturing-facil.html,[Source](https://www.bizjournals.com/phoenix/news/2022/03/03/semiconductor-supplier-to-open-manufacturing-facil.html),Not Available,Not Available,200,200,Not Available,,,
EMD,"Chandler, AZ",Chandler,AZ,33.3061605,-111.94125,New Facility,Equipment,,https://www.emdgroup.com/en/news/chandler-opening-pr-us-11-10-23.html,[Source](https://www.emdgroup.com/en/news/chandler-opening-pr-us-11-10-23.html),$39 million,"$39,000,000 ",Not Available,,Not Available,,,
FM Industries,"Phoenix, AZ",Phoenix,AZ,33.3584367,-112.184141,New Facility,Equipment,,https://x.com/GPEC/status/1749832791372566697?s=20,[Source](https://x.com/GPEC/status/1749832791372566697?s=20),Not Available,Not Available,Not Available,Not Available,Not Available,,,
Fujifilm Electronic Materials,"Mesa, AZ",Mesa,AZ,33.4151117,-111.9314792,Expansion,Materials,,https://www.bizjournals.com/phoenix/news/2022/04/04/q-a-fujifilm-s-expanded-mesa-facility-will-help-t.html,[Source](https://www.bizjournals.com/phoenix/news/2022/04/04/q-a-fujifilm-s-expanded-mesa-facility-will-help-t.html),$88 million,"$88,000,000 ",120,120,Not Available,,,
Intel,"Chandler, AZ",Chandler,AZ,33.3062031,-111.841185,New/Modernization,Semiconductors,"Leading-edge logic, including Intel 18A",https://www.nist.gov/chips/intel-corporation-arizona-chandler,[Source](https://www.nist.gov/chips/intel-corporation-arizona-chandler),$32 billion,"$32,000,000,000 ",10000,3000,7000,$3.94 billion,N/A,"Final Award (Nov. 26, 2024)"
JX Nippon Mining & Metal,"Mesa, AZ",Mesa,AZ,33.4151117,-111.8314792,New Facility,Materials,,https://www.bizjournals.com/phoenix/news/2022/04/04/semiconductor-supplier-acquires-valley-land.html,[Source](https://www.bizjournals.com/phoenix/news/2022/04/04/semiconductor-supplier-acquires-valley-land.html),Not Available,Not Available,100,100,Not Available,,,
Kanto/Chemtrade JV,"Casa Grande, AZ",Casa Grande,AZ,32.8795022,-111.857352,New Facility,Materials,,https://www.bizjournals.com/phoenix/news/2022/11/23/deal-wrap-for-nov-22-deadline.html,[Source](https://www.bizjournals.com/phoenix/news/2022/11/23/deal-wrap-for-nov-22-deadline.html),$250 million,"$250,000,000 ",65,65,Not Available,,,
KoMiCo,"Mesa, AZ",Mesa,AZ,33.5151117,-111.6314792,New Facility,Equipment,,https://www.azcommerce.com/news-events/news/2024/8/komico-to-establish-semiconductor-equipment-cleaning-and-coating-facility-in-mesa/,[Source](https://www.azcommerce.com/news-events/news/2024/8/komico-to-establish-semiconductor-equipment-cleaning-and-coating-facility-in-mesa/),$50 million,"$50,000,000 ",200,200,,,,
LCY Chemical,"Casa Grande, AZ",Casa Grande,AZ,32.6795022,-111.657352,New Facility,Materials,,https://www.bizjournals.com/phoenix/news/2022/03/23/taiwanese-semiconductor-supplier-casa-grande.html,[Source](https://www.bizjournals.com/phoenix/news/2022/03/23/taiwanese-semiconductor-supplier-casa-grande.html),$100 million,"$100,000,000 ",57,57,,,,
Linde,"Phoenix, AZ",Phoenix,AZ,33.5484367,-112.074141,New Facility,Materials,,https://www.linde.com/news-media/press-releases/2021/linde-signs-long-term-agreement-to-supply-new-world-class-semiconductor-manufacturing-complex-in-the-u-s-,[Source](https://www.linde.com/news-media/press-releases/2021/linde-signs-long-term-agreement-to-supply-new-world-class-semiconductor-manufacturing-complex-in-the-u-s-),$600 million,"$600,000,000 ",Not Available,Not Available,,,,
Pentagon Technologies,"Mesa, AZ",Mesa,AZ,33.4151005,-111.831455,New Facility,Equipment,,https://www.azcommerce.com/news-events/news/2024/2/pentagon-technologies-to-build-semiconductor-equipment-cleaning-facility-in-mesa,[Source](https://www.azcommerce.com/news-events/news/2024/2/pentagon-technologies-to-build-semiconductor-equipment-cleaning-facility-in-mesa),$50 million,"$50,000,000 ",300,300,,,,
Pure Wafer,"Prescott, AZ",Prescott,AZ,34.539984,-112.468812,Expansion,Materials,Silicon wafer reclaim products,https://www.bizjournals.com/phoenix/news/2024/11/15/pure-wafer-expansion-prescott.html,[Source](https://www.bizjournals.com/phoenix/news/2024/11/15/pure-wafer-expansion-prescott.html),$30 million,"$30,000,000 ",,,,,,
Salas Micro Devices,"Chandler, AZ",Chandler,AZ,33.3132031,-111.731185,New Facility,Semiconductors,,https://www.azcommerce.com/news-events/news/2024/1/saras-micro-devices-celebrates-grand-opening-of-new-headquarters-and-manufacturing-center-of-excellence-in-chandler/,[Source](https://www.azcommerce.com/news-events/news/2024/1/saras-micro-devices-celebrates-grand-opening-of-new-headquarters-and-manufacturing-center-of-excellence-in-chandler/),$50 million,"$50,000,000 ",50,50,,,,
Solvay,"Casa Grande, AZ",Casa Grande,AZ,32.6795022,-111.857352,New Facility,Materials,,https://www.bizjournals.com/phoenix/news/2022/07/26/solvay-casa-grande-arizona-plant.html,[Source](https://www.bizjournals.com/phoenix/news/2022/07/26/solvay-casa-grande-arizona-plant.html),$60 million,"$60,000,000 ",30,30,,,,
Sunlit Chemical,"Phoenix, AZ",Phoenix,AZ,33.4484367,-112.174141,New Facility,Materials,,https://www.bizjournals.com/phoenix/news/2022/01/20/semiconductor-industry-supplier-north-phoenix.html,[Source](https://www.bizjournals.com/phoenix/news/2022/01/20/semiconductor-industry-supplier-north-phoenix.html),$100 million,"$100,000,000 ",Not Available,,,,,
TSMC,"Phoenix, AZ",Phoenix,AZ,33.784367,-111.674141,New Facility,Semiconductors,"6 leading-edge logic fabs, including TSMC N3, N4, and N5 FinFET process technologies, and N2 and A16 nanosheet process technologies; 2 advanced packaging facilities; R&D facility",https://pr.tsmc.com/english/news/3210,[Source](https://pr.tsmc.com/english/news/3210),$165 billion,"$165,000,000,000 ",55000,15000,40000,$6.6 billion,$5 billion,"Final Award (Nov. 15, 2024)"
Yield Engineering Systems,"Chandler, AZ",Chandler,AZ,33.3062031,-111.841185,New Facility,Equipment,,https://www.azcommerce.com/news-events/news/2023/7/yield-engineering-systems-opens-new-advanced-technology-center-in-chandler-to-support-semiconductor-growth-in-the-us/,[Source](https://www.azcommerce.com/news-events/news/2023/7/yield-engineering-systems-opens-new-advanced-technology-center-in-chandler-to-support-semiconductor-growth-in-the-us/),$25 million,"$25,000,000 ",100,100,Not Available,,,
Akash Systems,"West Oakland, CA",West Oakland,CA,37.8048919,-122.2951752,New Facility,Semiconductors,"Diamond cooling substrates, devices, and systems",https://www.nist.gov/chips/akash-systems-california-west-oakland,[Source](https://www.nist.gov/chips/akash-systems-california-west-oakland),$121 million,"$121,000,000 ",400,Not Available,Not Available,$18.2 million,N/A,PMT (Nov. 13)
Applied Materials,"Sunnyvale, CA",Sunnyvale,CA,37.3688301,-122.036349,New Facility,R&D Facility,,https://ir.appliedmaterials.com/news-releases/news-release-details/applied-materials-launches-multibillion-dollar-rd-platform,[Source](https://ir.appliedmaterials.com/news-releases/news-release-details/applied-materials-launches-multibillion-dollar-rd-platform),$4 billion,"$4,000,000,000 ",2000,2000,,,,
ASML,"San Diego, CA",San Diego,CA,33.0187,-117.1006,Expansion,Equipment,,ASML,ASML,Not Available,Not Available,Not Available,Not Available,Not Available,,,
Bosch,"Roseville, CA",Roseville,CA,38.7521235,-121.2880059,Expansion/Modernization,Semiconductors,200mm silicon carbide,https://www.nist.gov/chips/bosch-california-roseville,[Source](https://www.nist.gov/chips/bosch-california-roseville),$1.9 billion,"$1,900,000,000 ",1700,700,1000,$225 million,$350 million,PMT (Dec. 13)
Infinera,"San Jose/Sunnyvale, CA",San Jose/Sunnyvale,CA,37.5688301,-122.236349,Expansion,Semiconductors,,https://www.gov.ca.gov/2023/11/17/california-invests-149-million-in-cutting-edge-companies-creating-nearly-6000-jobs/,[Source](https://www.gov.ca.gov/2023/11/17/california-invests-149-million-in-cutting-edge-companies-creating-nearly-6000-jobs/),$180 million,"$180,000,000 ",250,250,,,,
Infinera,"San Jose, CA",San Jose,CA,37.3361663,-121.890591,New Facility,Semiconductors,Indium Phosphide photonic integrated circuits,https://www.nist.gov/chips/infinera-california-san-jose,[Source](https://www.nist.gov/chips/infinera-california-san-jose),Not Available,Not Available,1700 across 2 locations,500 across 2 locations,1200 across 2 locations,$93 million across 2 locations,N/A,"Final Award (Jan. 17, 2025)"
Western Digital,"Fremont, CA",Fremont,CA,37.5482697,-121.988571,Expansion,Semiconductors,,Western Digital,Western Digital,$350 million,"$350,000,000 ",240,240,,,,
Broadcom,"Fort Collins, CO",Fort Collins,CO,40.5508527,-105.0668085,Expansion,Semiconductors,,https://www.coloradoan.com/story/money/business/2023/09/08/broadcom-seeks-piece-of-50-billion-federal-chips-incentive-for-fort-collins-plant/70784489007/,[Source](https://www.coloradoan.com/story/money/business/2023/09/08/broadcom-seeks-piece-of-50-billion-federal-chips-incentive-for-fort-collins-plant/70784489007/),Not Available,Not Available,Not Available,,,,,
Entegris,"Colorado Springs, CO",Colorado Springs,CO,38.5339578,-104.525348,New Facility,Equipment,"FOUPs, liquid filter membranes, advanced liquid filters and purifiers, and fluid handling solutions",https://www.nist.gov/chips/entegris-colorado-colorado-springs,[Source](https://www.nist.gov/chips/entegris-colorado-colorado-springs),$722 million,"$722,000,000 ",900,600,300,$77 million,N/A,"Final Award (Dec. 5, 2024)"
Microchip Technology,"Colorado Springs, CO",Colorado Springs,CO,38.8339578,-104.825348,Expansion/Modernization,Semiconductors,Microcontrollers and speciality mature-node semiconductors ,https://www.nist.gov/chips/microchip-technology-inc-colorado-colorado-springs,[Source](https://www.nist.gov/chips/microchip-technology-inc-colorado-colorado-springs),Not Available,Not Available,700 across 2 locations,Not Available,Not Available,$90 million,N/A,PMT (Jan. 4)
ASML,"Wilton, CT",Wilton,CT,41.1953739,-73.4378988,Expansion,Equipment,,https://www.ctinsider.com/business/article/Connecticut-company-promises-1-000-news-with-200-17436372.php,[Source](https://www.ctinsider.com/business/article/Connecticut-company-promises-1-000-news-with-200-17436372.php),$200 million,"$200,000,000 ",1000,1000,,,,
DuPont,"Glasgow, DE",Glasgow,DE,39.6048338,-75.7452119,New Facility,Materials,,https://www.choosedelaware.com/press-releases/dupont-expanding-semiconductor-manufacturing-in-newark-delaware/,[Source](https://www.choosedelaware.com/press-releases/dupont-expanding-semiconductor-manufacturing-in-newark-delaware/),$50 million,"$50,000,000 ",10,10,,,,
Rogue Valley Microdevices,"Palm Bay, FL",Palm Bay,FL,27.9946969,-80.6366144,New Facility,Semiconductors,Microelectromechanical systems (MEMS) and sensor,https://www.nist.gov/chips/rogue-valley-microdevices-florida-palm-bay,[Source](https://www.nist.gov/chips/rogue-valley-microdevices-florida-palm-bay),$25 million,"$25,000,000 ",75,Not Available,Not Available,$6.7 million,N/A,PMT (July 1)
SkyWater,"Kissimmeee, FL",Kissimmeee,FL,28.322488,-81.412278,Expansion,Packaging,,https://www.businesswire.com/news/home/20220906005431/en/SkyWater-to-Leverage-36.5M-Department-of-Commerce-Grant-to-the-Florida-Semiconductor-Coalition-to-Expand-its-Advanced-Packaging-Facility-Operations-in-Florida ,[Source](https://www.businesswire.com/news/home/20220906005431/en/SkyWater-to-Leverage-36.5M-Department-of-Commerce-Grant-to-the-Florida-Semiconductor-Coalition-to-Expand-its-Advanced-Packaging-Facility-Operations-in-Florida ),Not Available,Not Available,220,220,,,,
Absolics,"Covington, GA",Covington,GA,33.5966005,-83.8598742,New Facility,Materials,Substrates,https://www.nist.gov/chips/absolics-georgia-covington,[Source](https://www.nist.gov/chips/absolics-georgia-covington),$343 million,"$343,000,000 ",1200,200,1000,$75 million,N/A,"Final Award (Dec. 5, 2024)"
Micromize,"Columbus, GA",Columbus,GA,32.4610708,-84.9880449,New Facility,Semiconductors,,https://www.gatech.edu/news/2024/01/24/bold-move-columbus-marks-first-semiconductor-manufacturer-region,[Source](https://www.gatech.edu/news/2024/01/24/bold-move-columbus-marks-first-semiconductor-manufacturer-region),Not Available,Not Available,25,25,,,,
Air Liquide,"Boise, ID",Boise,ID,43.8166163,-116.400886,New Facility,Materials,,https://www.airliquide.com/group/press-releases-news/2024-06-05/air-liquide-signed-major-contract-support-semiconductor-industry-us-investment-more-250-million,[Source](https://www.airliquide.com/group/press-releases-news/2024-06-05/air-liquide-signed-major-contract-support-semiconductor-industry-us-investment-more-250-million),$250 million,"$250,000,000 ",Not Available,Not Available,,,,
Micron,"Boise, ID",Boise,ID,43.6166163,-116.200886,New Facility,Semiconductors,Leading-edge DRAM,https://www.nist.gov/chips/micron-idaho-boise,[Source](https://www.nist.gov/chips/micron-idaho-boise),$50 billion,"$50,000,000,000 ",6500,2000,4500,$1.5 billion,N/A,"Final Award (Dec. 10, 2024)"
Micron,"Boise, ID",Boise,ID,43.246621,-76.1665431,R&D,R&D Facility,Multiple Locations,https://investors.micron.com/news-releases/news-release-details/micron-and-trump-administration-announce-expanded-us-investments,[Source](https://investors.micron.com/news-releases/news-release-details/micron-and-trump-administration-announce-expanded-us-investments),$48 billion,"$48,000,000,000 ",Not Available,Not Available,,,,
Everspin Technologies,"Odon, IN",Odon,IN,38.8428256,-86.9913959,New Facility,Semiconductors,,https://www.thecentersquare.com/indiana/four-semiconductor-makers-announce-277m-investment-in-indiana/article_41dfc5ea-69d5-11ed-85eb-83b3023a63a9.html,[Source](https://www.thecentersquare.com/indiana/four-semiconductor-makers-announce-277m-investment-in-indiana/article_41dfc5ea-69d5-11ed-85eb-83b3023a63a9.html),Not Available,Not Available,35,35,,,,
MediaTek,"West Lafayette, IN",West Lafayette,IN,40.3258686,-86.7580655,New Facility,Chip Design,,https://corp.mediatek.com/news-events/press-releases/mediatek-announces-commitment-to-new-semiconductor-design-center-at-purdue-university-in-indiana,[Source](https://corp.mediatek.com/news-events/press-releases/mediatek-announces-commitment-to-new-semiconductor-design-center-at-purdue-university-in-indiana),Not Available,Not Available,Not Available,Not Available,,,,
Nhanced Semiconductors,"Odon, IN",Odon,IN,39.2428256,-86.6913959,New Facility,Semiconductors,,https://www.thecentersquare.com/indiana/four-semiconductor-makers-announce-277m-investment-in-indiana/article_41dfc5ea-69d5-11ed-85eb-83b3023a63a9.html,[Source](https://www.thecentersquare.com/indiana/four-semiconductor-makers-announce-277m-investment-in-indiana/article_41dfc5ea-69d5-11ed-85eb-83b3023a63a9.html),$236 million,"$236,000,000 ",413,413,,,,
SK hynix,"West Lafayette, IN",West Lafayette,IN,40.4258686,-86.9080655,New Facility,Packaging,High-bandwidth-memory advanced packaging fabrication and R&D,https://www.nist.gov/chips/sk-hynix-indiana-west-lafayette,[Source](https://www.nist.gov/chips/sk-hynix-indiana-west-lafayette),$3.87 billion,"$3,870,000,000 ",Not Available,1000,Hundreds,$458 million,$500 million,"Final Award (Dec. 19, 2024)"
Sony DADC/KLA/D&D Automation,"Terre Haute, IN",Terre Haute,IN,39.4667025,-87.4139119,Modernization,Equipment,Specialized shipping canisters,https://www.mywabashvalley.com/news/local-news/sony-dadc-plant-in-terre-haute-moving-into-semiconductor-space/,[Source](https://www.mywabashvalley.com/news/local-news/sony-dadc-plant-in-terre-haute-moving-into-semiconductor-space/),$0.2 million,"$200,000 ",Not Available,Not Available,,,,
Trusted Semiconductor Solutions,"Odon, IN",Odon,IN,39.2428256,-87.2913959,New Facility,Semiconductors,,https://www.thecentersquare.com/indiana/four-semiconductor-makers-announce-277m-investment-in-indiana/article_41dfc5ea-69d5-11ed-85eb-83b3023a63a9.html,[Source](https://www.thecentersquare.com/indiana/four-semiconductor-makers-announce-277m-investment-in-indiana/article_41dfc5ea-69d5-11ed-85eb-83b3023a63a9.html),$34 million,"$34,000,000 ",40,40,,,,
EMP Shield,"Burlington, KS",Burlington,KS,38.1944667,-95.7427641,New Facility,Semiconductors,,https://www.cjonline.com/story/business/manufacturing/2023/02/21/kansas-pursues-chips-act-funding-for-emp-shield-at-silicon-prairie/69925200007/,[Source](https://www.cjonline.com/story/business/manufacturing/2023/02/21/kansas-pursues-chips-act-funding-for-emp-shield-at-silicon-prairie/69925200007/),$1.9 billion,"$1,900,000,000 ",1200,1200,,,,
Integra Technologies,"Wichita, KS",Wichita,KS,37.6922361,-97.3375448,New Facility,Packaging,,https://www.kansascommerce.gov/2023/02/governor-kelly-announces-integra-technologies-to-invest-1-8b-create-nearly-2000-jobs-with-wichita-semiconductor-plant/,[Source](https://www.kansascommerce.gov/2023/02/governor-kelly-announces-integra-technologies-to-invest-1-8b-create-nearly-2000-jobs-with-wichita-semiconductor-plant/),$1.8 billion,"$1,800,000,000 ",2000,2000,,,,
Radiation Detection Technologies,"Manhattan, KS",Manhattan,KS,39.1836082,-96.5716694,Expansion,Semiconductors,,https://www.ksnt.com/news/local-news/4m-investment-30-new-jobs-coming-to-manhattan-with-new-semiconductor-manufacturing-facility/,[Source](https://www.ksnt.com/news/local-news/4m-investment-30-new-jobs-coming-to-manhattan-with-new-semiconductor-manufacturing-facility/),$4 million,"$4,000,000 ",30,30,,,,
Secure Semiconductor Manufacturing,"Burlington, KS",Burlington,KS,38.2544667,-95.692764,New Facility,Packaging,,https://www.emporiagazette.com/gaz/article_33501886-4125-11ee-9b47-f362463963d2.html,[Source](https://www.emporiagazette.com/gaz/article_33501886-4125-11ee-9b47-f362463963d2.html),$20 million,"$20,000,000 ",60,60,,,,
K&B Industries,"Houma, LA",Houma,LA,29.5957696,-90.7195348,Expansion,Equipment,,https://www.nola.com/news/business/houma-manufacturer-expansion-will-create-70-jobs/article_b7a03151-e9b6-58ee-a759-7ba0750c080f.html,[Source](https://www.nola.com/news/business/houma-manufacturer-expansion-will-create-70-jobs/article_b7a03151-e9b6-58ee-a759-7ba0750c080f.html),$12 million,"$12,000,000 ",70,70,,,,
Analog Devices,"Chelmsford, MA",Chelmsford,MA,42.5968617,-71.3517602,Expansion/Modernization,Semiconductors,RF microwave systems; packaging and test,https://www.nist.gov/chips/analog-devices-inc-massachusetts-chelmsford,[Source](https://www.nist.gov/chips/analog-devices-inc-massachusetts-chelmsford),Not Available,Not Available,Not Available,500 across 3 locations,Not Available,$105 million across 3 locations,N/A,"PMT (Jan. 16, 2025)"
MACOM,"Lowell, MA",Lowell,MA,42.6414437,-71.3085329,Expansion/Modernization,Semiconductors,100mm GaN and GaAs; 150mm GaN,https://www.nist.gov/chips/macom-massachusetts-lowell,[Source](https://www.nist.gov/chips/macom-massachusetts-lowell),$345 million across 2 locations,"$172,500,000 ",410 across 2 locations,350 across 2 locations,60 across 2 locations,$70 million across 2 locations,N/A,"PMT (Jan. 14, 2025)"
Hemlock,"Hemlock, MI",Hemlock,MI,43.4147379,-84.229942,New Facility,Materials,Hyper-pure semiconductor-grade polysilicon,https://www.nist.gov/chips/hemlock-semiconductor-michigan-hemlock,[Source](https://www.nist.gov/chips/hemlock-semiconductor-michigan-hemlock),$825 million,"$825,000,000 ",1180,180,1000,$325 million,N/A,"Final Award (Jan. 7, 2025)"
Mersen USA,"Bay City, MI",Bay City,MI,43.7944677,-83.6888648,Expansion,Materials,,https://www.michiganbusiness.org/press-releases/2023/06/mersen/,[Source](https://www.michiganbusiness.org/press-releases/2023/06/mersen/),$70 million,"$70,000,000 ",80,80,,,,
Mersen USA,"Greenville, MI",Greenville,MI,43.1775314,-85.2527987,Expansion,Materials,,https://www.michiganbusiness.org/press-releases/2023/06/mersen/,[Source](https://www.michiganbusiness.org/press-releases/2023/06/mersen/),$10 million,"$10,000,000 ",35,35,,,,
SK Siltron CSS,"Bay City, MI",Bay City,MI,43.5944677,-83.8888648,Expansion,Materials,,https://www.michigan.gov/whitmer/news/press-releases/2022/09/01/whitmer-and-sk-siltron-bring-semiconductor-supply-chain-to-michigan-with-new-bay-city-facility ,[Source](https://www.michigan.gov/whitmer/news/press-releases/2022/09/01/whitmer-and-sk-siltron-bring-semiconductor-supply-chain-to-michigan-with-new-bay-city-facility ),$300 million,"$300,000,000 ",150,150,,,,
Polar,"Bloomington, MN",Bloomington,MN,44.8322405,-93.3204872,Expansion/Modernization,Semiconductors,Sensor and power chips,https://www.nist.gov/chips/polar-semiconductor-minnesota-bloomington,[Source](https://www.nist.gov/chips/polar-semiconductor-minnesota-bloomington),$525 million,"$525,000,000 ",166,98,68,$123 million,N/A,"Final Award (Sept. 24, 2024)"
SkyWater,"Bloomington, MN",Bloomington,MN,44.8322405,-93.3204872,Modernization,Semiconductors,90nm and 130nm foundry,https://www.nist.gov/chips/skywater-technology-minnesota-bloomington,[Source](https://www.nist.gov/chips/skywater-technology-minnesota-bloomington),Not Available,Not Available,70,Not Available,Not Available,$16 million,N/A,PMT (Dec. 6)
Brewer Science,"Vichy, MO",Vichy,MO,38.1114322,-91.7604389,Expansion,Materials,,https://www.brewerscience.com/news-vichy/,[Source](https://www.brewerscience.com/news-vichy/),Not Available,Not Available,Not Available,Not Available,,,,
GlobalWafers,"St. Peters, MO",St. Peters,MO,38.791612,-90.5958468,New Facility,Materials,300mm silicon-on-insulator wafers,https://www.nist.gov/chips/globalwafers-missouri-st-peters,[Source](https://www.nist.gov/chips/globalwafers-missouri-st-peters),$500 million,"$500,000,000 ",630,130,500,$20 million,N/A,"Final Award (Dec. 17, 2024)"
GlobalWafers,"O'Fallon, MO",O'Fallon,MO,38.7902503,-90.7033292,Expansion,Materials,,https://www.stltoday.com/news/local/stcharles/st-charles-county-plant-touts-expansion-aims-to-combat-global-semiconductor-shortage/article_b3568ee8-2a6e-11ee-a3ab-f78b87208585.html,[Source](https://www.stltoday.com/news/local/stcharles/st-charles-county-plant-touts-expansion-aims-to-combat-global-semiconductor-shortage/article_b3568ee8-2a6e-11ee-a3ab-f78b87208585.html),$300 million,"$300,000,000 ",100,100,,,,
Vacom,"Lewistown, MT",Lewistown,MT,47.0639275,-109.428213,New Facility,Equipment,,https://news.mt.gov/Governors-Office/Governor_Gianforte_Welcomes_90_Million_VACOM_Manufacturing_Plant_to_Lewistown,[Source](https://news.mt.gov/Governors-Office/Governor_Gianforte_Welcomes_90_Million_VACOM_Manufacturing_Plant_to_Lewistown),$90 million,"$90,000,000 ",500,500,,,,
MACOM,"Morrisville, NC",Morrisville,NC,35.824341,-78.8300321,Expansion/Modernization,Semiconductors,100mm GaN and GaAs; 150mm GaN,https://www.nist.gov/chips/macom-north-carolina-durham,[Source](https://www.nist.gov/chips/macom-north-carolina-durham),$345 million across 2 locations,"$172,500,000 ",410 across 2 locations,350 across 2 locations,60 across 2 locations,$70 million across 2 locations,N/A,"PMT (Jan. 14, 2025)"
Wolfspeed,"Siler City, NC",Siler City,NC,35.7234734,-79.4622431,New Facility,Semiconductors,Silicon carbide wafer manufacturing,https://www.nist.gov/chips/wolfspeed-north-carolina-siler-city,[Source](https://www.nist.gov/chips/wolfspeed-north-carolina-siler-city),$6 billion across 2 locations,"$5,000,000,000 ",5000 across 2 locations,2000 across 2 locations,3000 across 2 locations,$750 million across 2 locations,N/A,PMT (Oct. 15)
BAE Systems,"Nashua, NH",Nashua,NH,42.7656251,-71.4677032,Modernization,Semiconductors,Monolithic microwave integrated circuit (MMIC chips),https://www.nist.gov/chips/bae-systems-inc-new-hampshire-nashua,[Source](https://www.nist.gov/chips/bae-systems-inc-new-hampshire-nashua),$105 million,"$105,000,000 ",Not Available,24,Not Available,$35.5 million,N/A,"Final Award (Nov. 25, 2024)"
onsemi,"Hudson, NH",Hudson,NH,42.7654433,-71.4397167,Expansion,Semiconductors,,https://investor.onsemi.com/news-releases/news-release-details/onsemi-celebrates-expansion-silicon-carbide-production-facility,[Source](https://investor.onsemi.com/news-releases/news-release-details/onsemi-celebrates-expansion-silicon-carbide-production-facility),Not Available,Not Available,Not Available,Not Available,,,,
Intel,"Rio Rancho, NM",Rio Rancho,NM,35.4702448,-106.6329806,Modernization,Packaging,Advanced packaging,https://www.nist.gov/chips/intel-corporation-new-mexico-rio-rancho,[Source](https://www.nist.gov/chips/intel-corporation-new-mexico-rio-rancho),$4 billion,"$4,000,000,000 ",4300,1800,2500,$500 million,N/A,"Final Award (Nov. 26, 2024)"
Intel,"Rio Rancho, NM",Rio Rancho,NM,35.269381,-106.632819,Expansion,Packaging,,https://www.intel.com/content/www/us/en/newsroom/news/new-mexico-manufacturing.html ,[Source](https://www.intel.com/content/www/us/en/newsroom/news/new-mexico-manufacturing.html ),$3.5 billion,"$3,500,000,000 ",700,700,,,,
Rocket Lab (SolAero),"Albuquerque, NM",Albuquerque,NM,35.0841034,-106.650985,Expansion/Modernization,Semiconductors,Space-grade solar cells,https://www.nist.gov/chips/rocket-lab-new-mexico-albuquerque,[Source](https://www.nist.gov/chips/rocket-lab-new-mexico-albuquerque),$97.5 million,"$97,500,000 ",100,Not Available,Not Available,$23.9 million,N/A,"Final Award (Nov. 25, 2024)"
AMD,"Brighton, NY",Brighton,NY,43.1257954,-77.5687343,New Facility,Chip Design,design and validation of mixed-signal integrated circuits and packaging for processors,https://esd.ny.gov/esd-media-center/press-releases/governor-hochul-announces-establishment-world-class-amd-design-centers-new-york-state,[Source](https://esd.ny.gov/esd-media-center/press-releases/governor-hochul-announces-establishment-world-class-amd-design-centers-new-york-state),$3.3 million across 2 locations,"$1,650,000 ",165 across 2 locations,Not Available,,,,
AMD,"Fishkill, NY",Fishkill,NY,41.5355745,-73.898702,New Facility,Chip Design,design and validation of mixed-signal integrated circuits and packaging for processors,https://esd.ny.gov/esd-media-center/press-releases/governor-hochul-announces-establishment-world-class-amd-design-centers-new-york-state,[Source](https://esd.ny.gov/esd-media-center/press-releases/governor-hochul-announces-establishment-world-class-amd-design-centers-new-york-state),$3.3 million across 2 locations,"$1,650,000 ",165 across 2 locations,Not Available,,,,
Corning,"Canton, NY",Canton,NY,44.5956163,-75.1690942,Expansion,Materials,HPFS Fused Silica (High Purity Fused Silica) (HPFS) and EXTREME ULE Glass (Ultra Low Expansion Glass,https://www.nist.gov/chips/corning-new-york-canton,[Source](https://www.nist.gov/chips/corning-new-york-canton),$315 million,"$315,000,000 ",305,130,175,$32 million,N/A,"Final Award (Jan. 17, 2025)"
Corning,"Monroe County, NY",Monroe County,NY,43.0993,-77.443014,Expansion,Materials,,https://www.governor.ny.gov/news/governor-hochul-announces-corning-incorporateds-139-million-investment-grow-operations-monroe ,[Source](https://www.governor.ny.gov/news/governor-hochul-announces-corning-incorporateds-139-million-investment-grow-operations-monroe ),$139 million,"$139,000,000 ",270,270,,,,
Edwards Vacuum,"Basom, NY",Basom,NY,43.0672812,-78.3914111,New Facility,Equipment,Semiconductor-grade dry vacuum pumps,https://www.nist.gov/chips/edwards-vacuum-new-york-genesee-county,[Source](https://www.nist.gov/chips/edwards-vacuum-new-york-genesee-county),$319 million,"$319,000,000 ",600,Not Available,Not Available,$18 million,N/A,"Final Award (Jan. 17, 2025)"
GlobalFoundries,"Malta, NY",Malta,NY,42.9711708,-73.792926,New/Expansion,Semiconductors,"300mm current-generation and mature-node, advanced packaging",https://gf.com/gf-press-release/globalfoundries-announces-16b-u-s-investment-to-reshore-essential-chip-manufacturing-and-accelerate-ai-growth/,[Source](https://gf.com/gf-press-release/globalfoundries-announces-16b-u-s-investment-to-reshore-essential-chip-manufacturing-and-accelerate-ai-growth/),$15.1 billion,"$15,100,000,000 ",9100,1100,8000,$1.45 billion,N/A,"Final Award (Nov. 20, 2024) - Amended (Jan. 17, 2025)"
Menlo Microsystems,"Lansing, NY",Lansing,NY,42.4840418,-76.4779117,New Facility,Semiconductors,,https://www.syracuse.com/politics/cny/2023/07/central-new-york-lands-50m-microchip-plant-that-will-create-122-jobs.html,[Source](https://www.syracuse.com/politics/cny/2023/07/central-new-york-lands-50m-microchip-plant-that-will-create-122-jobs.html),$50 million,"$50,000,000 ",122,122,,,,
Micron,"Clay, NY",Clay,NY,43.186621,-76.2065431,New Facility,Semiconductors,Leading-edge DRAM,https://www.nist.gov/chips/micron-new-york-clay,[Source](https://www.nist.gov/chips/micron-new-york-clay),$100 billion,"$100,000,000,000 ",13500,9000,4500,$4.6 billion,N/A,"Final Award (Dec. 10, 2024)"
"NY CREATES (Partners: IBM, Micron, Applied Materials, Tokyo Electron)","Albany, NY",Albany,NY,42.6511674,-73.754968,Expansion,R&D Facility,,https://www.governor.ny.gov/news/governor-hochul-announces-10-billion-partnership-bring-next-generation-research-and,[Source](https://www.governor.ny.gov/news/governor-hochul-announces-10-billion-partnership-bring-next-generation-research-and),$10 billion ($1 billion from NY State),"$10,000,000,000 ",700,700,,,,
onsemi,"East Fishkill, NY",East Fishkill,NY,41.5533306,-73.7956214,Expansion,Semiconductors,,https://investor.onsemi.com/news-releases/news-release-details/onsemi-commemorates-transfer-ownership-east-fishkill-new-york,[Source](https://investor.onsemi.com/news-releases/news-release-details/onsemi-commemorates-transfer-ownership-east-fishkill-new-york),$1.3 billion,"$1,300,000,000 ",100,100,,,,
TTM Technologies,"DeWitt, NY",DeWitt,NY,43.0386776,-76.0729775,New Facility,Materials,,https://spectrumlocalnews.com/nys/central-ny/news/2023/11/01/ttm-announces-plant-dewit,[Source](https://spectrumlocalnews.com/nys/central-ny/news/2023/11/01/ttm-announces-plant-dewit),$130 million,"$130,000,000 ",400,400,,,,
Wolfspeed,"Marcy, NY",Marcy,NY,43.1314472,-75.2557144,Expansion,Semiconductors,Fully automated 200mm silicon carbide power devices,https://www.nist.gov/chips/wolfspeed-new-york-marcy,[Source](https://www.nist.gov/chips/wolfspeed-new-york-marcy),$6 billion across 2 locations,"$1,000,000,000 ",5000 across 2 locations,2000 across 2 locations,3000 across 2 locations,$750 million across 2 locations,N/A,PMT (Oct. 15)
Chemtrade,"Cairo, OH",Cairo,OH,40.8319737,-84.0818775,Expansion,Materials,,https://www.hometownstations.com/news/allen_county/chemtrade-breaks-ground-on-50-million-dollar-expansion-in-allen-county/article_617f5e28-7818-11ed-8894-83cd67500974.html,[Source](https://www.hometownstations.com/news/allen_county/chemtrade-breaks-ground-on-50-million-dollar-expansion-in-allen-county/article_617f5e28-7818-11ed-8894-83cd67500974.html),$50 million,"$50,000,000 ",Not Available,Not Available,,,,
Intel,"New Albany, OH",New Albany,OH,40.0811745,-82.8087864,New Facility,Semiconductors,"Leading-edge logic, including Intel 14A and other future Intel nodes",https://www.nist.gov/chips/intel-corporation-ohio-new-albany,[Source](https://www.nist.gov/chips/intel-corporation-ohio-new-albany),$28 billion,"$28,000,000,000 ",10000,3000 (1500 supported by CHIPS),7000 (5000 supported by CHIPS),$1.5 billion,N/A,"Final Award (Nov. 26, 2024)"
Tosoh SMD,"Grove City, OH",Grove City,OH,39.8814519,-83.0929645,Expansion,Materials,,https://www.sciotopost.com/tosoh-manufacturing-proposes-major-expansion-in-grove-city/,[Source](https://www.sciotopost.com/tosoh-manufacturing-proposes-major-expansion-in-grove-city/),$20 million,"$20,000,000 ",50,50,,,,
Analog Devices,"Beaverton, OR",Beaverton,OR,45.4871723,-122.80378,Expansion/Modernization,Semiconductors,180nm and 350nm analog,https://www.nist.gov/chips/analog-devices-inc-oregon-beaverton,[Source](https://www.nist.gov/chips/analog-devices-inc-oregon-beaverton),$1 billion,"$1,000,000,000 ",Not Available,500 across 3 locations,Not Available,$105 million across 3 locations,N/A,"PMT (Jan. 16, 2025)"
HP,"Corvallis, OR",Corvallis,OR,44.5645659,-123.2620435,Expansion/Modernization,Semiconductors,Microfluidics and microelectromechanical systems (MEMS),https://www.nist.gov/chips/hp-inc-oregon-corvallis,[Source](https://www.nist.gov/chips/hp-inc-oregon-corvallis),Not Available,Not Available,250,150,100,$53 million,N/A,"Final Award (Jan. 13, 2025)"
Intel,"Hillsboro, OR",Hillsboro,OR,45.5228939,-122.989827,Expansion/Modernization,Semiconductors,Leading-edge logic technology development,https://www.nist.gov/chips/intel-corporation-oregon-hillsboro,[Source](https://www.nist.gov/chips/intel-corporation-oregon-hillsboro),$36 billion,"$36,000,000,000 ",5700,2200 (500 supported by CHIPS),3500 (2000 supported by CHIPS),$1.86 billion,N/A,"Final Award (Nov. 26, 2024)"
Microchip Technology,"Gresham, OR",Gresham,OR,45.4978623,-122.4329883,Modernization,Semiconductors,Microcontrollers and speciality mature-node semiconductors ,https://www.nist.gov/chips/microchip-technology-inc-oregon-gresham,[Source](https://www.nist.gov/chips/microchip-technology-inc-oregon-gresham),Not Available,Not Available,700 across 2 locations,Not Available,Not Available,$72 million,N/A,PMT (Jan. 4)
Mitsubishi Gas Chemicals,"Forest Grove, OR",Forest Grove,OR,45.5197452,-123.1114405,Expansion,Materials,,https://asia.nikkei.com/Business/Materials/After-CHIPS-Act-Japanese-supplier-to-triple-U.S.-semiconductor-chemical-output,[Source](https://asia.nikkei.com/Business/Materials/After-CHIPS-Act-Japanese-supplier-to-triple-U.S.-semiconductor-chemical-output),$372 million,"$372,000,000 ",Not Available,Not Available,,,,
Rogue Valley Microdevices,"Medford, OR",Medford,OR,42.3264181,-122.8718605,New Facility,Semiconductors,,Gartner Fab Database,Gartner Fab Database,$44 million,"$44,000,000 ",Not Available,Not Available,,,,
Coherent,"Easton, PA",Easton,PA,40.6916081,-75.2099866,Expansion/Modernization,Materials,150mm and 200mm SiC substrates,https://www.nist.gov/chips/coherent-pennsylvania-easton,[Source](https://www.nist.gov/chips/coherent-pennsylvania-easton),Not Available,Not Available,380,320,40,$79 million,N/A,"PMT (Jan. 16, 2025)"
EMD,"Hometown, PA",Hometown,PA,40.823699,-75.980205,Expansion,Materials,,emdgroup.com/en/news/gases-facility-in-hometown-12-04-2023.html,[Source](emdgroup.com/en/news/gases-facility-in-hometown-12-04-2023.html),$300 million,"$300,000,000 ",68,68,,,,
Infinera,"Bethlehem, PA",Bethlehem,PA,40.6178915,-75.3786521,New Facility,Packaging,Advanced test and packaging of Indium Phosphide photonic integrated circuits,https://www.nist.gov/chips/infinera-pennsylvania-bethlehem,[Source](https://www.nist.gov/chips/infinera-pennsylvania-bethlehem),Not Available,Not Available,1700 across 2 locations,500 across 2 locations,1200 across 2 locations,$93 million across 2 locations,N/A,"Final Award (Jan. 17, 2025)"
Powerex,"Youngwood, PA",Youngwood,PA,40.240348,-79.5767066,Expansion/Modernization,Packaging,Packaging of semiconductor power modules,https://www.nist.gov/chips/powerex-pennsylvania-youngwood,[Source](https://www.nist.gov/chips/powerex-pennsylvania-youngwood),$15 million,"$15,000,000 ",75,55,20,$3 million,N/A,PMT (Nov. 8)
Coherent,"Sherman, TX",Sherman,TX,33.6533,-96.2147,Expansion/Modernization,Semiconductors,150mm Indium Phosphide Optoelectronics,https://www.nist.gov/chips/coherent-texas-sherman,[Source](https://www.nist.gov/chips/coherent-texas-sherman),Not Available,Not Available,70,Not Available,Not Available,$33 million,N/A,PMT (Dec. 6)
Dongjin Semichem,"Killeen, TX",Killeen,TX,31.1171441,-97.727796,Expansion,Materials,electronic-level sulfuric acid (ELSA),https://gov.texas.gov/es/news/post/governor-abbott-announces-texas-semiconductor-innovation-fund-grant-to-dsm,[Source](https://gov.texas.gov/es/news/post/governor-abbott-announces-texas-semiconductor-innovation-fund-grant-to-dsm),$176 million,"$176,000,000 ",40,Not Available,,,,
FormFactor,"Farmers Branch, TX",Farmers Branch,TX,32.9265668,-96.8960916,Expansion,Equipment,Test & measurement,https://www.formfactor.com/press-release/formfactor-inc-announces-purchase-of-new-manufacturing-facility/,[Source](https://www.formfactor.com/press-release/formfactor-inc-announces-purchase-of-new-manufacturing-facility/),$55 million,"$55,000,000 ",Not Available,Not Available,,,,
GlobalWafers,"Sherman, TX",Sherman,TX,33.2533,-96.3147,New Facility,Materials,300mm silicon wafers,https://www.ci.sherman.tx.us/CivicAlerts.aspx?AID=454,[Source](https://www.ci.sherman.tx.us/CivicAlerts.aspx?AID=454),$7.5 billion,"$7,500,000,000 ",1950,750,1200,$380 million,N/A,"Final Award (Dec. 17, 2024)"
Infineon/SkyWater,"Austin, TX",Austin,TX,30.3711286,-97.8436995,Modernization,Semiconductors,,https://www.linkedin.com/posts/rutger-wijburg-65771010_decarbonization-digitalization-activity-7162816413022326785-zUaE,[Source](https://www.linkedin.com/posts/rutger-wijburg-65771010_decarbonization-digitalization-activity-7162816413022326785-zUaE),Not Available,Not Available,Not Available,Not Available,,,,
IntelliEPI,"Allen, TX",Allen,TX,33.1031744,-96.6705503,Expansion/Modernization,Materials,"Compound wafers (InP, GaAs, GaSb, GaN)",https://www.nist.gov/chips/intelliepi-texas-allen,[Source](https://www.nist.gov/chips/intelliepi-texas-allen),Not Available,Not Available,56,40,16,$10.3 million,N/A,"PMT (Jan. 16, 2025)"
MGC Pure Chemicals,"Killeen, TX",Killeen,TX,31.1871441,-97.787796,Expansion,Materials,super pure hydrogen peroxide and ammonium hydroxide used as cleaning agents,https://gov.texas.gov/news/post/governor-abbott-announces-texas-semiconductor-innovation-grant-to-mgc-pure-chemicals-america-inc,[Source](https://gov.texas.gov/news/post/governor-abbott-announces-texas-semiconductor-innovation-grant-to-mgc-pure-chemicals-america-inc),$150 million,"$150,000,000 ",Not Available,Not Available,,,,
NXP,"Austin, TX",Austin,TX,30.2711286,-97.7436995,Expansion,Semiconductors,,https://www.kxan.com/news/local/austin/austin-city-council-approves-development-agreement-with-semiconductor-company/,[Source](https://www.kxan.com/news/local/austin/austin-city-council-approves-development-agreement-with-semiconductor-company/),$290.8 million,"$290,800,000 ",53,53,,,,
Samsung,"Taylor, TX",Taylor,TX,30.5702,-97.4097,New Facility,Semiconductors,"Leading-edge logic, including 4nm and 2nm, and R&D",https://www.nist.gov/chips/samsung-electronics-texas-taylor,[Source](https://www.nist.gov/chips/samsung-electronics-texas-taylor),$37 billion across 2 locations,"$37,000,000,000 ",15500 across 2 locations,3500 across 2 locations,12000 across 2 locations,$4.745 billion across 2 locations,N/A,"Final Award (Dec. 20, 2024)"
Samsung,"Austin, TX",Austin,TX,30.2711286,-97.7436995,Expansion,Semiconductors,Fully depleted silicon-on-insulator (FD-SOI) process technologies,https://www.nist.gov/chips/samsung-electronics-texas-austin,[Source](https://www.nist.gov/chips/samsung-electronics-texas-austin),$37 billion across 2 locations,Not Available,15500 across 2 locations,3500 across 2 locations,12000 across 2 locations,$4.745 billion across 2 locations,N/A,"Final Award (Dec. 20, 2024)"
Schunk Xycarb,"Georgetown, TX",Georgetown,TX,30.6370152,-97.6775634,New Facility,Materials,,https://www.bizjournals.com/austin/news/2023/08/29/schunk-xycarb-samsung-expansion-georgetown-austin.html,[Source](https://www.bizjournals.com/austin/news/2023/08/29/schunk-xycarb-samsung-expansion-georgetown-austin.html),Not Available,Not Available,Not Available,Not Available,,,,
Silicon Labs,"Austin, TX",Austin,TX,30.5211286,-97.6936995,New Facility,Chip Design,,https://gov.texas.gov/es/news/post/governor-abbott-announces-texas-semiconductor-innovation-fund-grant-to-silicon-labs,[Source](https://gov.texas.gov/es/news/post/governor-abbott-announces-texas-semiconductor-innovation-fund-grant-to-silicon-labs),$80 million,"$80,000,000 ",Not Available,Not Available,,,,
Soulbrain,"Taylor, TX",Taylor,TX,30.7929,-97.5967,New Facility,Materials,,https://www.statesman.com/story/news/local/2024/07/29/samsung-semiconductors-plant-taylor-texas-south-korean-company-soulbrain-tx-llc-invest/74562610007/,[Source](https://www.statesman.com/story/news/local/2024/07/29/samsung-semiconductors-plant-taylor-texas-south-korean-company-soulbrain-tx-llc-invest/74562610007/),$175 million,"$175,000,000 ",50,50,,,,
SpaceX,"Bastrop, TX",Bastrop,TX,30.0541116,-97.3887764,Expansion,Packaging,"printed circuit boards (PCBs), a semiconductor failure analysis lab, and advanced packaging for panel level packaging (PLP)",https://gov.texas.gov/news/post/governor-abbott-announces-texas-semiconductor-innovation-fund-grant-to-spacex,[Source](https://gov.texas.gov/news/post/governor-abbott-announces-texas-semiconductor-innovation-fund-grant-to-spacex),$280 million,"$280,000,000 ",Not Available,Not Available,,,,
Sumika (Sumitomo Chemical),"Baytown, TX",Baytown,TX,29.7355047,-94.9774274,New Facility,Materials,Ultra-high purity isopropyl alcohol,https://www.nist.gov/chips/sumika-texas-baytown,[Source](https://www.nist.gov/chips/sumika-texas-baytown),Not Available,Not Available,293,43,250,$52.1 million,N/A,"PMT (Jan. 16, 2025)"
Texas Instruments,"Sherman, TX",Sherman,TX,33.5533,-96.6147,New Facility,Semiconductors,"300mm fabrication of 65nm-130nm ""essential"" chips",https://www.ti.com/about-ti/newsroom/news-releases/2025/texas-instruments-plans-to-invest-more-than--60-billion-to-manufacture-billions-of-foundational-semiconductors-in-the-us.html,[Source](https://www.ti.com/about-ti/newsroom/news-releases/2025/texas-instruments-plans-to-invest-more-than--60-billion-to-manufacture-billions-of-foundational-semiconductors-in-the-us.html),$40 billion,"$40,000,000,000 ",23800 across 2 locations,3000 (1500 supported by CHIPS),20000 across 2 locations,$900 million,N/A,"Final Award (Dec. 20, 2024)"
Texas Instruments,"Richardson, TX",Richardson,TX,32.9481789,-96.7297206,Expansion,Semiconductors,,https://www.ti.com/about-ti/company/ti-at-a-glance/manufacturing/richardson.html,[Source](https://www.ti.com/about-ti/company/ti-at-a-glance/manufacturing/richardson.html),$6 billion,"$6,000,000,000 ",800,800,,,,
Tokyo Electron,"Austin, TX",Austin,TX,30.4711286,-97.6436995,Expansion,Equipment,technical training and research and development (R&D) ,https://gov.texas.gov/es/news/post/governor-abbott-announces-texas-semiconductor-innovation-fund-grant-to-tokyo-electron-u.s-holdings-inc,[Source](https://gov.texas.gov/es/news/post/governor-abbott-announces-texas-semiconductor-innovation-fund-grant-to-tokyo-electron-u.s-holdings-inc),$30 million,"$30,000,000 ",Not Available,Not Available,,,,
X-FAB,"Lubbock, TX",Lubbock,TX,33.5855677,-101.8470215,Expansion/Modernization,Semiconductors,Silicon carbide foundry,https://www.nist.gov/chips/x-fab-texas-lubbock,[Source](https://www.nist.gov/chips/x-fab-texas-lubbock),$200 million,"$200,000,000 ",150,Not Available,Not Available,$50 million,N/A,PMT (Dec. 6)
Air Liquide,"Southeast, US (To be Announced)",Southeast (TBA),US,34.0282,-88.1700,New Facility,Materials,ultra-pure nitrogen and oxygen,https://www.airliquide.com/group/press-releases-news/2025-07-15/air-liquide-invests-strengthen-supply-growing-us-semiconductor-industry,[Source](https://www.airliquide.com/group/press-releases-news/2025-07-15/air-liquide-invests-strengthen-supply-growing-us-semiconductor-industry),$50 million,"$50,000,000 ",Not Available,Not Available,,,,
Texas Instruments,"Lehi, UT",Lehi,UT,40.3881114,-112.8486019,New Facility,Semiconductors,300mm fabrication of 28nm-65nm analog and embedded processing chips,https://www.nist.gov/chips/texas-instruments-utah-lehi,[Source](https://www.nist.gov/chips/texas-instruments-utah-lehi),$11 billion,"$11,000,000,000 ",23800 across 2 locations,800,20000 across 2 locations,$700 million,N/A,"Final Award (Dec. 20, 2024)"
Micron,"Manassas, VA",Manassas,VA,38.7509488,-77.4752667,Modernization,Semiconductors,"Legacy DRAM, 1-aplha node technology",https://www.nist.gov/chips/micron-virginia-manassas,[Source](https://www.nist.gov/chips/micron-virginia-manassas),$2 billion,"$2,000,000,000 ",Not Available,400,Not Available,$275 million,N/A,"Final Award (June 12, 2025)"
GlobalFoundries,"Essex Junction, VT",Essex Junction,VT,44.4906817,-73.11136,Modernization,Semiconductors,200mm Gallium Nitride and Silicon Germanium,https://www.nist.gov/chips/globalfoundries-vermont-burlington,[Source](https://www.nist.gov/chips/globalfoundries-vermont-burlington),$900 million,"$900,000,000 ",1000,N/A,1000,$125 million,N/A,"Final Award (Nov. 20, 2024)"
Analog Devices,"Camas, WA",Camas,WA,45.5863014,-122.403277,Expansion/Modernization,Semiconductors,180nm and 350nm analog,https://www.nist.gov/chips/analog-devices-inc-washington-camas,[Source](https://www.nist.gov/chips/analog-devices-inc-washington-camas),Not Available,Not Available,Not Available,500 across 3 locations,Not Available,$105 million across 3 locations,N/A,"PMT (Jan. 16, 2025)"
Shin-Etsu,"Vancouver, WA",Vancouver,WA,46.1306954,-122.6744557,Expansion,Materials,,https://www.columbian.com/news/2022/aug/12/seh-america-plans-300000-square-foot-expansion-to-vancouver-campus/,[Source](https://www.columbian.com/news/2022/aug/12/seh-america-plans-300000-square-foot-expansion-to-vancouver-campus/),Not Available,Not Available,Not Available,Not Available,,,,
KoMiCo,"Round Rock, TX",Round Rock,TX,30.5085915,-97.6788056,Expansion,Materials,precision cleaning and coatings for semiconductor wafer manufacturing tools,https://gov.texas.gov/news/post/governor-abbott-announces-texas-semiconductor-innovation-fund-grant-to-komico,[Source](https://gov.texas.gov/news/post/governor-abbott-announces-texas-semiconductor-innovation-fund-grant-to-komico),$36 million,"$36,000,000 ",70,70,,,,
Micron,"Richardson, TX",Richardson,TX,32.9981789,-96.7797206,Expansion,R&D Facility,,https://www.bizjournals.com/dallas/news/2025/01/23/micron-technology-jobs-richardson-facility.html,[Source](https://www.bizjournals.com/dallas/news/2025/01/23/micron-technology-jobs-richardson-facility.html),$30 million,"$30,000,000 ",200,200,,,,
Stratacache,"Eugene, OR",Eugene,OR,44.0505054,-123.0950506,Modernization,Semiconductors,GaNSi MicroLED foundry,https://www.oregon.gov/biz/Publications/Oregon_CHIPS_1_Biannual_Report.pdf,[Source](https://www.oregon.gov/biz/Publications/Oregon_CHIPS_1_Biannual_Report.pdf),Not Available,Not Available,Not Available,Not Available,,,,
Tokyo Ohka Kogyo,"Hillsboro, OR",Hillsboro,OR,45.5728939,-122.989827,Expansion,Materials,,https://www.bizjournals.com/portland/news/2024/10/03/oregon-chips-money-expansion.html,[Source](https://www.bizjournals.com/portland/news/2024/10/03/oregon-chips-money-expansion.html),Not Available,Not Available,Not Available,Not Available,,,,
Kukusai,"Hillsboro, OR",Hillsboro,OR,45.5228939,-122.939827,New Facility,Equipment,Demo center,https://www.kokusai-electric.com/en/news/document/2025033100,[Source](https://www.kokusai-electric.com/en/news/document/2025033100),$135 million,"$135,000,000 ",Not Available,Not Available,,,,
AGC Electronic America,"Hillsboro, OR",Hillsboro,OR,45.4728939,-123.059827,Expansion/Modernization,Materials,,https://www.bizjournals.com/portland/news/2024/10/03/oregon-chips-money-expansion.html,[Source](https://www.bizjournals.com/portland/news/2024/10/03/oregon-chips-money-expansion.html),Not Available,Not Available,Not Available,Not Available,,,,
Valliscor,"Albany, OR",Albany,OR,44.6365071,-123.1059324,New Facility,Materials,hexafluorobutadiene,https://democratherald.com/news/local/business/chemical-manufacturer-eyes-albany-for-expansion/article_ac4c6754-ab86-11ef-b916-0741cb3a6b0a.html,[Source](https://democratherald.com/news/local/business/chemical-manufacturer-eyes-albany-for-expansion/article_ac4c6754-ab86-11ef-b916-0741cb3a6b0a.html),Not Available,Not Available,50,50,,,,
Quantum Metrology,"Eugene, OR",Eugene,OR,44.5505054,-123.5950506,Expansion,R&D Facility,advanced metrology techniques leveraging quantum effects,https://www.bizjournals.com/portland/news/2024/10/03/oregon-chips-money-expansion.html,[Source](https://www.bizjournals.com/portland/news/2024/10/03/oregon-chips-money-expansion.html),Not Available,Not Available,Not Available,Not Available,Not Available,,,
Jireh Semiconductor,"Hillsboro, OR",Hillsboro,OR,45.6228939,-122.989827,Expansion,Semiconductors,,https://www.oregonlive.com/silicon-forest/2023/09/here-are-the-15-oregon-chip-companies-getting-240-million-in-state-money.html?outputType=amp,[Source](https://www.oregonlive.com/silicon-forest/2023/09/here-are-the-15-oregon-chip-companies-getting-240-million-in-state-money.html?outputType=amp),Not Available,Not Available,Not Available,Not Available,Not Available,,,
MGP Engineering,"Redmond, OR",Redmond,OR,44.2726203,-121.173921,Expansion,Semiconductors,,https://www.oregonlive.com/silicon-forest/2023/09/here-are-the-15-oregon-chip-companies-getting-240-million-in-state-money.html?outputType=amp,[Source](https://www.oregonlive.com/silicon-forest/2023/09/here-are-the-15-oregon-chip-companies-getting-240-million-in-state-money.html?outputType=amp),Not Available,Not Available,215,215,Not Available,,,
Tektronix,"Beaverton, OR",Beaverton,OR,45.9871723,-122.85378,Expansion,Packaging,,https://www.oregonlive.com/silicon-forest/2023/09/here-are-the-15-oregon-chip-companies-getting-240-million-in-state-money.html?outputType=amp,[Source](https://www.oregonlive.com/silicon-forest/2023/09/here-are-the-15-oregon-chip-companies-getting-240-million-in-state-money.html?outputType=amp),Not Available,Not Available,Not Available,Not Available,Not Available,,,
ATI,"Albany, OR",Albany,OR,44.6865071,-123.1559324,Expansion,Materials,,https://www.oregonlive.com/silicon-forest/2023/09/here-are-the-15-oregon-chip-companies-getting-240-million-in-state-money.html?outputType=amp,[Source](https://www.oregonlive.com/silicon-forest/2023/09/here-are-the-15-oregon-chip-companies-getting-240-million-in-state-money.html?outputType=amp),Not Available,Not Available,Not Available,Not Available,,,,
Qorvo,"Hillsboro, OR",Hillsboro,OR,45.5228939,-122.939827,Expansion,Semiconductors,,https://www.oregonlive.com/silicon-forest/2023/09/here-are-the-15-oregon-chip-companies-getting-240-million-in-state-money.html?outputType=amp,[Source](https://www.oregonlive.com/silicon-forest/2023/09/here-are-the-15-oregon-chip-companies-getting-240-million-in-state-money.html?outputType=amp),Not Available,Not Available,Not Available,Not Available,,,,
Tosoh Quartz,"Portland, OR",Portland,OR,45.5202471,-122.674194,Expansion,Materials,,https://www.oregonlive.com/silicon-forest/2023/09/here-are-the-15-oregon-chip-companies-getting-240-million-in-state-money.html?outputType=amp,[Source](https://www.oregonlive.com/silicon-forest/2023/09/here-are-the-15-oregon-chip-companies-getting-240-million-in-state-money.html?outputType=amp),Not Available,Not Available,Not Available,Not Available,Not Available,,,
Amorphyx,"Corvallis, OR",Corvallis,OR,44.5145659,-123.2120435,Expansion,Semiconductors,,https://kval.com/news/local/corvallis-startup-thriving-on-publicprivate-partnership,[Source](https://kval.com/news/local/corvallis-startup-thriving-on-publicprivate-partnership),Not Available,Not Available,Not Available,Not Available,,,,
onsemi,"DeWitt, NY",DeWitt,NY,43.0886776,-76.0229775,Modernization,Semiconductors,,https://www.wbng.com/2025/03/06/semiconductor-company-investing-over-100-million-onondaga-county/,[Source](https://www.wbng.com/2025/03/06/semiconductor-company-investing-over-100-million-onondaga-county/),$120 million,"$120,000,000 ",80,80,,,,
Micross,"Apopka, FL",Apopka,FL,28.6232806,-81.5616471,New Facility,Semiconductors,,https://www.prnewswire.com/news-releases/micross-celebrates-the-grand-opening-of-its-new-state-of-the-art-flagship-semiconductor-and-specialty-electronics-manufacturing-facility-in-apopka-fl-301781193.html,[Source](https://www.prnewswire.com/news-releases/micross-celebrates-the-grand-opening-of-its-new-state-of-the-art-flagship-semiconductor-and-specialty-electronics-manufacturing-facility-in-apopka-fl-301781193.html),Not Available,Not Available,Not Available,Not Available,,,,
Applied Materials,"Kalispell, MT",Kalispell,MT,48.202158,-114.315321,Expansion,Equipment,,https://news.mt.gov/Governors-Office/Gov_Gianforte_Welcomes_Major_Expansion_of_Applied_Materials_in_Montana,[Source](https://news.mt.gov/Governors-Office/Gov_Gianforte_Welcomes_Major_Expansion_of_Applied_Materials_in_Montana),Not Available,Not Available,200,200,,,,
Lam Research,"Tualatin, OR",Tualatin,OR,45.3809339,-122.7694369,Expansion,R&D Facility,,https://newsroom.lamresearch.com/Lam-Research-to-Expand-R-D-Operations-in-Oregon,[Source](https://newsroom.lamresearch.com/Lam-Research-to-Expand-R-D-Operations-in-Oregon),Not Available,Not Available,Not Available,Not Available,,,,