State,City/Town,County,Feature Type,Value Type,Value,Citation,Comment,Updated Type,Updated Value,Updated Comment,Ordinance Year,Original Captured Date,New Capture Date,Update Status
Arizona,,Cochise ,Property Line,Maximum Structure Height ,2,Cochise County Ord. за1824.02,Greater of twice the setback required otherwise required in a zone or equal to the height of the tallest structure ,,,,,2021,,
Arizona,,La Paz ,Property Line,Meters,6.1,La Paz County Ord. з 619.06,,,,,,2021,,
Arizona ,,La Paz ,Highway,Meters,23,La Paz County Ord. з 619.06,,,,,,2021,,
Arizona ,,Maricopa,Highway,Meters,6.1,Maricopa Cnty. Ord. з 1206.2.3; ,,,,,,2021,,
Arizona ,,Pinal ,Banned,N/a ,,Pinal Cnty. Ord. з 2.210.030(A),Solar PV is restricted from being the primary use of a property in Pinal County ,,,,,2021,,
California ,,Butte,Height,Meters,4.5,Butte County Code з 24-157(c) ,15' maximum height for projects on parcels greater than  10 acres,,,,,2021,,
California ,,Butte,Property Line,Meters,10.6,Butte County Code з 24-157(c) ,20 foot setback plus an additional 15' adjacent to residential zones ,,,,,2021,,
California ,,Contra Costa ,Height,Meters,7.62,Contra Costa County Code з 88-30.606,25' Max height ,,,,,2021,,
California ,,Glenn,Property Line,Meters,18.2,Glenn County Code з 15.860.030(g)(4)(a),60' setback for any facility sited adjacent to residential ,,,,,2021,,
California ,,Los Angeles,Height,Meters,7.62,Los Angeles County Code 22.140.510(E),25' max height ,,,,,2021,,
California ,,Los Angeles,Property Line,Meters,9.1,Los Angeles County Code 22.140.510(E),30' setback for agricultural zones,,,,,2021,,
California ,,Los Angeles,Roads,Meters,3,Los Angeles County Code 22.140.510(E),10' lanscape buffer between facility and public right of way ,,,,,2021,,
California ,,Merced,Property Line,Maximum Structure Height ,1,Merced County Code з 18-30-030,,,,,,2021,,
California ,,Merced,Structures,Maximum Structure Height ,1,Merced County Code з 18-30-030,,,,,,2021,,
California ,,Napa,Height,Meters,4.5,Napa County Code з 18.117.040(c),Max height 15',,,,,2021,,
California ,,San Diego ,Property Line,Meters,1,San Diego County Code з 6954(b)(3),3 foot setback ,,,,,2021,,
California ,,San Diego ,Height ,Meters,3.65,San Diego County Code з 6954(b)(3),Max height 12',,,,,2021,,
California ,,San Luis Obispo,Property Line,Meters,30.48,San Luis Obispo County Code з 22.32.050,Setback of 100 feet ,,,,,2021,,
California ,,San Luis Obispo,Height ,Meters,4.5,San Luis Obispo County Code з 22.32.050,Max Height 15',,,,,2021,,
California ,,Santa Clara ,Property Line,Meters ,9.1,Santa Clara County Code з 4.10.345,Setback of 30 Feet ,,,,,2021,,
California ,,Sonoma,Height,Meters,4.5,Sonoma County Code з 26-88-206 ,Max Height 15' ,,,,,2021,,
California ,,Yolo,Property Line,Meters,15.24,Yolo County Code з Sec. 8-2.1104(h),50' setbacks in agricultural zones ,,,,,2021,,
Colorado,,Clear Creek,Height,Meters,10.668,Clear Creek Zoning Regulations,,,,,,,,
Colorado,,El Paso,Height,Meters,4.572,El Paso County Land Development Code 5.1.49,,,,,,,,
Colorado,,Jefferson,Height,Meters,7.62,Jefferson County Zoning Resolution з 18 (D),,,,,,,,
Colorado,,Lake,Height,Meters,7.62,Lake County Land Development Code Chapt. 5,,,,,,,,
Colorado,,Lincoln,Property Line,Meters,30.48,Lincoln County Zoning Resolution 11-17,,,,,,,,
Colorado,,Lincoln,Roads,Meters,30.48,Lincoln County Zoning Resolution 11-17,,,,,,,,
Colorado,,Lincoln,Structures,Meters,304.8,Lincoln County Zoning Resolution 11-17,,,,,,,,
Colorado,,Pueblo,Height,Meters,6.096,Pueblo County Zoning з 17.168.050 ,,,,,,,,
Colorado,,Pueblo,Property Line,Meters,45.72,Pueblo County Zoning з 17.168.050 ,,,,,,,,
Colorado,,Pueblo,Structures,Meters,152.4,Pueblo County Zoning з 17.168.050 ,,,,,,,,
Colorado,,San Miguel,Minimum Lot Size,Acres,35,San Miguel County Land Use Code  з III (g),,,,,,,,
Colorado,,San Miguel,Property Line,Meters,60.96,San Miguel County Land Use Code  з III (g),,,,,,,,
Colorado,,Washington,Moratorium,N/a,,Washington County Resolution 64-2020,,,,,,,,
Delaware ,,New Castle,Structures,Meters,45.72,New Castle County з 40.03.312,,,,,,,,
Delaware ,,New Castle,Property Line,Meters,15.24,New Castle County з 40.03.312,,,,,,,,
Florida ,,Clay ,Property Line,Meters,7.62,Clay County Land Development Code з 3-2(bo),25' Setbacks if not adjacent to residential zones ,,,,,2021,,
Florida ,,Clay ,Property Line,Meters,30.48,Clay County Land Development Code з 3-2(bo),100' setback if adjacent to residential zone ,,,,,2021,,
Florida ,,Columbia,Property Line,Meters,15.24,Columbia County Land Development Regs. з 4.2.41,50' setbacks ,,,,,2021,,
Florida ,,Gadsen,Property Line,Meters,15.24,Gadsen County Land Development Code за5204(D) ,50' setbacks  ,,,,,2021,,
Florida ,,Gadsen,Roads,Meters,30.48,Gadsen County Land Development Code з 5204(D) ,100' setbacks from public ROW ,,,,,2021,,
Florida ,,Gadsen,Height ,Meters,4.5,Gadsen County Land Development Code з 5204(D) ,15' Max height ,,,,,2021,,
Florida ,,Gilchrist ,Property Line,Meters,30.48,Gilchrist County Land Dev. Code з 7.26 ,100' setback,,,,,2021,,
Florida ,,Gilchrist ,Height ,Meters,4.5,Gilchrist County Land Dev. Code з 7.26 ,15' max height ,,,,,2021,,
Florida ,,Hillsborough ,Property Line,Meters,15.24,Hillsborough Land Development Code з 6.11.125,50' Setback if zoned in agriculture ,,,,,2021,,
Florida ,,Hillsborough ,Height ,Meters,4.5,Hillsborough Land Development Code з 6.11.125,15' max height in agricultural zone ,,,,,2021,,
Florida ,,Hillsborough ,Roads,Meters,30.48,Hillsborough Land Development Code з 6.11.125,100' setbacks from public ROW ,,,,,2021,,
Florida ,,Jefferson,Highway,Meters,30.48,Jefferson County Land Development Code з 2.11.4,100' setbacks from major highways  ,,,,,2021,,
Florida ,,Jefferson,Roads,Meters,30.48,Jefferson County Land Development Code з 2.11.4,100; setback from public roads ,,,,,2021,,
Florida ,,Jefferson,Property Line,Meters,30.48,Jefferson County Land Development Code з 2.11.4,100' landscape buffer from vacant or nonresidential parcels,,,,,2021,,
Florida ,,Jefferson,Property Line,Meters,60.96,Jefferson County Land Development Code з 2.11.4,200' landscape buffer for residential parcels ,,,,,2021,,
Florida ,,Leon,Property Line,Meters ,22.86/60.96,Leon County Land Development Code з 10-6.820,"75' setback if facility is less than 50 acres, 200' if greater than 50 acres ",,,,,2021,,
Florida ,,Leon,Roads,Meters,22.86/60.96,Leon County Land Development Code з 10-6.820,See above,,,,,2021,,
Florida ,,Leon,Structures,Meters,22.86/60.96,Leon County Land Development Code з 10-6.820,See above,,,,,2021,,
Florida ,,Manatee,Property Line,Meters,15.24,Manatee County Land Dev. Code з 531.54,50' setback,,,,,2021,,
Forida,,Manatee,Height,Meters,4.5,Manatee County Land Dev. Code з 531.54,15' height max,,,,,2021,,
Florida ,,Martin ,Property Line,Meters,15.24,Martin County Land Dev. Regs. з 3.100.1,50' setback,,,,,2021,,
Florida,,Martin ,Height,Meters,4.5,Martin County Land Dev. Regs. з 3.100.1,15' height max,,,,,2021,,
Florida ,,Orange,Property Line,Meters,60.96,Orange County Code з 38-79(50) ,200' setback from residential uses ,,,,,2021,,
Florida ,,Palm Beach ,Property Line,Meters,7.62/5,Palm Beach Unified Development Land Code з 7(C)(8),25 foot setback if lot size is greater than 50 Acres/15' if less than 50 acres,,,,,2021,,
Florida,,Palm Beach ,Roads,Meters,24.384,Palm Beach Unified Development Land Code з 7(C)(8),80' Setback to ROW,,,,,2021,,
Florida ,,Polk,Property Line,Meters,15.24,Polk County Ord. 11-033,50' setback,,,,,2021,,
Florida ,,St. Lucie ,Property Line,Meters,15.24,St. Lucie County Land Dev. Code з 7.10.28,,,,,,2021,,
Florida ,,St. Lucie ,Height,Meters,3.048,St. Lucie County Land Dev. Code з 7.10.28,10' height ,,,,,2021,,
Florida,,Wakulla,Property Line,Meters,15.24,Wakulla County Code з 6-35 ,50' setback,,,,,2021,,
Florida,,Wakulla ,Height,Meters,4.5,Wakulla County Code з 6-35 ,15' height  ,,,,,2021,,
Georgia,,Baldwin,Height,Meters,5.4864,Baldwin County Code of Ordinances з17-23,,,,,,,,
Georgia,,Baldwin,Structures,Meters,91.44,Baldwin County Code of Ordinances з17-23,,,,,,,,
Georgia,,Baldwin,Property Line,Meters,91.44,Baldwin County Code of Ordinances з17-23,,,,,,,,
Georgia,,Baldwin,Roads,Meters,30.48,Baldwin County Code of Ordinances з17-23,,,,,,,,
Georgia,,Bartow,Property Line,Meters,15.24,Bartow County Zoning Ordinance Art. VII з 7.1.9,,,,,,,,
Georgia,,Bryan ,Minimum Lot Size,Acres,25,Bryan County Unified Development Ordinance з 114-742,,,,,,,,
Georgia,,Bryan ,Height,Meters,3.048,Bryan County Unified Development Ordinance з 114-742,,,,,,,,
Georgia,,Bryan ,Sound,dBA,50,Bryan County Unified Development Ordinance з 114-742,,,,,,,,
Georgia,,Bryan ,Roads,Meters,30.48,Bryan County Unified Development Ordinance з 114-742,,,,,,,,
Georgia,,Bryan ,Structures,Meters,60.96,Bryan County Unified Development Ordinance з 114-742,,,,,,,,
Georgia,,Burke ,Minimum Lot Size,Acres,5,Burke County Code of Ordinances Part II з26-4.03.26,,,,,,,,
Georgia,,Burke ,Roads,Meters,45.72,Burke County Code of Ordinances Part II з26-4.03.26,,,,,,,,
Georgia,,Burke ,Property Line,Meters,30.48,Burke County Code of Ordinances Part II з26-4.03.26,,,,,,,,
Georgia,,Burke ,Structures,Meters,91.44,Burke County Code of Ordinances Part II з26-4.03.26,,,,,,,,
Georgia,,Catoosa ,Minimum Lot Size,Acres,5,Catoosa County Code of Ordinances з4.09.38,,,,,,,,
Georgia,,Dawson,Minimum Lot Size,Acres,5,Land Use Resolution of Dawson County з 318 ,,,,,,,,
Georgia,,Dawson,Height,Meters,6.096,Land Use Resolution of Dawson County з 318 ,,,,,,,,
Georgia,,Decatur,Property Line,Meters,4.572,Decatur County Solar Energy Systems Regulations з1.04 ,,,,,,,,
Georgia,,Decatur,Structures,Meters,30.48,Decatur County Solar Energy Systems Regulations з1.04 ,,,,,,,,
Georgia,,Decatur,Noise ,dBA,40,Decatur County Solar Energy Systems Regulations з1.04 ,,,,,,,,
Georgia,,Decatur,Height,Meters,7.62,Decatur County Solar Energy Systems Regulations з1.04 ,,,,,,,,
Georgia,,Evans,Minimum Lot Size,Acres,10,Evans County Solar Collection Facility Ordinance з 3,,,,,,,,
Georgia,,Evans,Height,Meters,6.096,Evans County Solar Collection Facility Ordinance з 3,,,,,,,,
Georgia,,Evans,Property Line,Meters,15.24,Evans County Solar Collection Facility Ordinance з 3,,,,,,,,
Georgia,,Greene,Minimum Lot Size,Acres,25,Greene County Code of Ordinances з 9.22,,,,,,,,
Georgia,,Greene,Structures,Meters,152.4,Greene County Code of Ordinances з 9.22,,,,,,,,
Georgia,,Greene,Property Line,Meters,106.68,Greene County Code of Ordinances з 9.22,,,,,,,,
Georgia,,Haralson,Property Line,Meters,22.86,Haralson County Code of Ordinance з 50-115,,,,,,,,
Georgia,,Heard,Structures,Meters,30.48,Heard County Code of Ordinances з 46-273,,,,,,,,
Georgia,,Heard,Property Line,Meters,15.24,Heard County Code of Ordinances з 46-273,,,,,,,,
Georgia,,Heard,Height,Meters,7.62,Heard County Code of Ordinances з 46-273,,,,,,,,
Georgia,,Heard,Sound,dBA,40,Heard County Code of Ordinances з 46-273,,,,,,,,
Georgia,,Jackson,Property Line,Meters,15.24,Jackson County Code of Ordinances з3-118,,,,,,,,
Georgia,,Jackson,Structures,Meters,30.48,Jackson County Code of Ordinances з3-118,,,,,,,,
Georgia,,Jackson,Height,Meters,7.62,Jackson County Code of Ordinances з 3-118,,,,,,,,
Georgia,,Jefferson,Minimum Lot Size,Acres,3,Jefferson County Code of Ordinances з 20-1100,,,,,,,,
Georgia,,Jefferson,Structures,Meters,15.24,Jefferson County Code of Ordinances з 20-1100,,,,,,,,
Georgia,,Jefferson,Roads,Meters,19.812,Jefferson County Code of Ordinances з 20-1100,,,,,,,,
Georgia,,Jefferson,Height,Meters,7.62,Jefferson County Code of Ordinances з 20-1100,,,,,,,,
Georgia,,Jefferson,Sound,dBA,40,Jefferson County Code of Ordinances  з 20-1100,,,,,,,,
,,Lee,Structures,Meters,30.48,Lee County Code of Ordinances з 70-694,,,,,,,,
Georgia,,Lee,Property Line,Meters,7.62,Lee County Code of Ordinances з 70-694,,,,,,,,
Georgia,,Liberty,Structures,Meters,30.48,Liberty County Code of Ordinances з 13.4,,,,,,,,
Georgia,,Liberty,Property Line,Meters,4.572,Liberty County Code of Ordinances з 13.4,,,,,,,,
Georgia,,Liberty,Roads,Meters,6.096,Liberty County Code of Ordinances з 13.4,,,,,,,,
Georgia,,Long,Height,Meters,6.096,Long County Code of Ordinances з 110-293,,,,,,,,
Georgia,,McDuffie,Maximum Lot Size,Acres,25,McDuffie County Code of Ordinances з 44-233,,,,,,,,
Georgia,,McDuffie,Height,Meters,6.096,McDuffie County Code of Ordinances з 44-233,,,,,,,,
Georgia,,Oconee,Structures,Meters,30.48,Oconee County Code of Ordinances з 343.05,,,,,,,,
Georgia,,Oconee,Property Line,Meters,15.24,Oconee County Code of Ordinances з 343.05,,,,,,,,
Georgia,,Oconee,Height,Meters,7.62,Oconee County Code of Ordinances з 343.05,,,,,,,,
Georgia,,Oglethorpe,Property Line,Meters,6.096,Oglthorpe County Unified Development Code з 712,,,,,,,,
Georgia,,Pulaski,Height,Meters,6.096,Pulaski County Code of Ordinances з 53-5,,,,,,,,
Georgia,,Pulaski,Property Line,Meters,15.24,Pulaski County Code of Ordinances з 53-5,,,,,,,,
Georgia,,Pulaski,Structures,Meters,45.72,Pulaski County Code of Ordinances з 53-5,,,,,,,,
Georgia,,Thomas,Structures,Meters,152.4,Thomas County Code of Ordinances з 3.269 ,,,,,,,,
Georgia,,Thomas,Property Line,Meters,30.48,Thomas County Code of Ordinances з 3.269 ,,,,,,,,
Illinois,,Adams,Property Line,Meters,15.24,Adams County Code Ord. з 5-7-3(b),50' Setback  ,,,,,2021,,
Illinois,,Adams,Roads,Meters,7.62,Adams County Code Ord. з 5-7-3(b),25' setback from public road,,,,,2021,,
Illinois,,Adams ,Height,Meters,10,Adams County Code Ord. з 5-7-3(c),30' Max Height ,,,,,2021,,
Illinois,,Carroll,Height,Meters,10,Carroll County Code з 725.1(e),,,,,,2021,,
Illinois,,Carroll,Roads,Meters,18.2,Carroll County Code з 725.1(f),,,,,,2021,,
Illinois,,Carroll,Highway,Meters,30.48,Carroll County Code з 725.1(f),,,,,,2021,,
Illinois,,Carroll,Property Line,Meters,6,Carroll County Code з 725.1(f),20 foot setback unless next to residential zone in which case 100' setback is required ,,,,,2021,,
Illinois,,Champaign,Roads,Meters,18.2,Champaign County Zoning Ord. 6.1.5(D),,,,,,2021,,
Illinois,,Champaign,Property Line,Meters,73,Champaign County Zoning Ord. 6.1.5(D),240' setback to property line ,,,,,2021,,
Illinois,,Christian ,Structures,Meters,15.24,Christian County Ord. 02017-ZN-012,50' setback to residence or church ,,,,,2021,,
Illinois,,Clinton,Height,Meters,5.4,Clinton County Code з 40-5-23(D),18' max height ,,,,,2021,,
Illinois,,Clinton,Structures,Meters,229,Clinton County Code з 40-5-23(D),750' setback to nonparticipating residences ,,,,,2021,,
Illinois,,Clinton,Property Line,Meters,30.48,Clinton County Code з 40-5-23(D),100' setback to lot lines ,,,,,2021,,
Illinois,,Clinton,Roads,Meters,60.96,Clinton County Code з 40-5-23(D),200' setback,,,,,2021,,
Illinois,,Clinton ,Highway,Meters,60.96,Clinton County Code з 40-5-23(D),,,,,,2021,,
Illinois,,DeKalb,Property Line,Meters,30.48,DeKalb County Ord. 2018-06,,,,,,2021,,
Illinois,,DeKalb,Roads,Meters,30.48,DeKalb County Ord. 2018-06,,,,,,2021,,
Illinois,,DeWitt,Height,Meters,6,DeWitt County Code з 157.08(A),,,,,,2021,,
Illinois,,DeWitt,Structures,Meters,152,Dewitt County Code з 157.08(A),500' setback from existing residences ,,,,,2021,,
Illinois,,DeWitt,Property Line,Meters,30.48,DeWitt County Code з 157.08(A),,,,,,2021,,
Illinois,,Fayette,Property Line,Meters,15.2,Fayette County Ord. 2018-06-12-B,,,,,,2021,,
Illinois,,Fayette,Roads,Meters,15.2,Fayette County Ord. 2018-06-12-B,,,,,,2021,,
Illinois,,Grundy,Height,Meters,6,Grundy County Code з 8-2-5-30(E),20' height ,,,,,2021,,
Illinois,,Grundy,Structures,Meters ,45.72,Grundy County Code з 8-2-5-30(E),,,,,,2021,,
Illinois,,Grundy,Roads,Meters,45.72,Grundy County Code з 8-2-5-30(E),,,,,,2021,,
Illinois,,Hamilton,Height,Meters,4.5,"Hamilton County Ord, 01-2021(C)(9)",15' Max height ,,,,,2021,,
Illinois,,Hamilton,Structures,Meters,152,"Hamilton County Ord, 01-2021(F)(1)(f)",,,,,,2021,,
Illinois,,Hamilton,Property Line,Meters,9.1,"Hamilton County Ord, 01-2021(F)(1)(f)",,,,,,2021,,
Illinois,,Hamilton,Roads,Meters,18.2,"Hamilton County Ord, 01-2021(F)(1)(f)",60' setback to roads ,,,,,2021,,
Illinois,,Henry ,Structures,Meters,45.72,Henry County Zoning Ord. з 3.07(C),150' Setback to offsite residences ,,,,,2021,,
Illinois,,Henry ,Height,Meters,6,Henry County Zoning Ord. з 3.07(C),20' Max height ,,,,,2021,,
Illinois,,Henry ,Property Line,Meters,15.24,Henry County Zoning Ord. з 3.07(C),50' Setback  ,,,,,2021,,
Illinois,,Iroquois ,Height ,Meters,9.1,Iroquois County Solar Ord. з 2(A)(b)(5),30' Max Height ,,,,,2021,,
Illinois,,Iroquois ,Roads,Meters,24.34,Iroquois County Solar Ord. з 2(A)(b)(5),80' Setback to centerline,,,,,2021,,
Illinois,,Iroquois ,Structures,Meters,45.72,Iroquois County Solar Ord. з 2(A)(b)(5),150' setback to offsite residences ,,,,,2021,,
Illinois,,Iroquois ,Property Line,Meters,6,Iroquois County Solar Ord. з 2(A)(b)(5),20' setback to property line ,,,,,2021,,
Illinois,,Jersey,Property Line,Meters,22.86,Jersey County Ord. 01-19 з 3,75' setback,,,,,2021,,
Illinois,,Jersey,Structures,Meters,91.44,Jersey County Ord. 01-19 з 3,,,,,,2021,,
Illinois,,Kankakee,Height,Meters,9.1,Kankakee County Code з 121-99(b)(34),,,,,,2021,,
Illinois,,Kankakee,Structures,Meters,30.48,Kankakee County Code з 121-99(b)(34),,,,,,2021,,
Illinois,,Kankakee,Property Line,Meters,15.24,Kankakee County Code з 121-99(b)(34),,,,,,2021,,
Illinois,,Kankakee,Roads,Meters,30.48,Kankakee County Code з 121-99(b)(34),,,,,,2021,,
Illinois,,Knox,Height,Meters,6,Knox County Solar Ord. ,,,,,,2021,,
Illinois,,Knox,Structures,Meters,152,Knox County Solar Ord. ,500' setback from existing residences ,,,,,2021,,
Illinois,,Lake,Height,Meters,3,Lake County Code з 151.112(vv),,,,,,2021,,
Illinois,,Livingston,Height,Meters,10,Livingston County Code з 56-646(e),,,,,,2021,,
Illinois,,Livingston,Structures,Meters,30.48,Livingston County Code з 56-646(f),,,,,,2021,,
Illinois,,Livingston,Property Line,Meters,15.24,Livingston County Code з 56-646(f),,,,,,2021,,
Illinois,,Logan,Height,Meters,4.5,Logan County Solar Zoning Ord. ,,,,,,2021,,
Illinois,,Logan,Property Line,Meters,9.1,Logan County Solar Zoning Ord. ,,,,,,2021,,
Illinois,,Logan,Structures,Meters,152,Logan County Solar Zoning Ord. ,,,,,,2021,,
Illinois,,Logan,Roads,Meters,18.2,Logan County Solar Zoning Ord. ,,,,,,2021,,
Illinois,,Macon,Height,Meters,6,Macon County Code з 155.185(4),,,,,,2021,,
Illinois,,Macon,Structures,Meters,152,Macon County Code з 155.185(5),,,,,,2021,,
Illinois,,Macon,Property Line,Meters,15.24,Macon County Code з 155.185(5),,,,,,2021,,
Illinois,,McHenry,Property Line,Meters,15.24,McHenry County Zoning Ord. з 14.3.PP,,,,,,2021,,
Illinois,,McLean,Property Line,Meters,15.24,McLean County Code з 350-43(OO)(3)(a),,,,,,2021,,
Illinois,,Menard,Property Line,Meters,15.24,Menard County Solar Ord. з 5.01 ,,,,,,2021,,
Illinois,,Menard,Structures,Meters,152,Menard County Solar Ord. з 5.01 ,500' setback from existing residences ,,,,,2021,,
Illinois,,Mercer,Structures,Meters,15.24,Mercer County Zoning Ord. з 20.6.02,50' setback from residence or church,,,,,2021,,
Illinois,,Monroe,Structures,Meters,30.48,Monroe County Ord. 18-05 з 2(E),,,,,,2021,,
Illinois,,Monroe,Height,Meters,4.8,Monroe County Ord. 18-05 з 2(M),16' max height,,,,,2021,,
Illinois,,Monroe,Property Line,Meters,15.24,Monroe County Ord. 18-05 з 2(E),,,,,,2021,,
Illinois,,Montgomery,Property Line,Meters,9.1,Montgomery County Ord. 3-12-19 з F(2)(f),,,,,,2021,,
Illinois,,Montgomery,Roads,Meters,18.2,Montgomery County Ord. 3-12-19 з F(2)(f),,,,,,2021,,
Illinois,,Montgomery,Structures,Meters,152,Montgomery County Ord. 3-12-19 з F(2)(f),500' setback from existing residences ,,,,,2021,,
Illinois,,Moultrie,Height,Meters,6,Moultrie County Zoning Ord. з 5.3(31)(A)(5),,,,,,2021,,
Illinois,,Moultrie,Property Line,Meters,30.48,Moultrie County Zoning Ord. з 5.3(31)(A)(6),,,,,,2021,,
Illinois,,Peoria,Structures,Meters,22.86,Peoria County Code з 7.17.3(1)(c),75' setback to residences ,,,,,2021,,
Illinois,,Piatt,Property Line,Meters,30.48,Piatt County Zoning Ord. Art. X(2)(a),,,,,,2021,,
Illinois,,Putnam,Height,Meters,9.1,Putnam County Zoning Ord. з 14.11(C),,,,,,2021,,
Illinois,,Putnam,Roads,Meters,18.2,Putnam County Zoning Ord. з 3.12,,,,,,2021,,
Illinois,,Putnam,Highway,Meters,15.24,Putnam County Zoning Ord. з 3.12,,,,,,2021,,
Illinois,,Randolph ,Property Line,Meters,15.24,Randolph County Ord. 18-06 з 7(6),,,,,,2021,,
Illinois,,Randolph ,Structures,Meters,152,Randolph County Ord. 18-06 з 7(6),,,,,,2021,,
Illinois,,St. Clair,Height,Meters,5.4,St. Clair County Code з 40-5-30(C)(3),,,,,,2021,,
Illinois,,St. Clair,Property Line,Meters,15.24,St. Clair County Code з 40-5-30(C)(3),,,,,,2021,,
Illinois,,Sangamon,Height,Meters,5.4,Sangamon County Code з 17.37.030(C),,,,,,2021,,
Illinois,,Sangamon,Property Line,Meters,15.24,Sangamon County Code з 17.37.030(C),,,,,,2021,,
Illinois,,Sangamon,Structures,Meters,76.2,Sangamon County Code з 17.37.030(C),250' setback from existing residences ,,,,,2021,,
Illinois,,Stark,Height,Meters,5.4,Stark County Zoning Ord. з 35.01,,,,,,2021,,
Illinois,,Stark,Property Line,Meters,15.24,Stark County Zoning Ord. з 36.03,,,,,,2021,,
Illinois,,Stark,Structures,Meters,91.44,Stark County Zoning Ord. з 36.03,300' Setback from existing residences ,,,,,2021,,
Illinois,,Stephenson,Property Line,Meters,15.24,Stephenson County Code з 400-23.3(A)(1),,,,,,2021,,
Illinois,,Stephenson,Structures,Meters,60.96,Stephenson County Code з 400-23.3(A)(1),200' Setback from residential structures ,,,,,2021,,
Illinois,,Tazewell,Property Line,Meters,15.24,Tazewell County Code з 156.06(B)(6),,,,,,2021,,
Illinois,,Tazewell,Structures,Meters,30.48,Tazewell County Code з 156.06(B)(6),,,,,,2021,,
Illinois,,Whiteside,Property Line,Meters,15.24,Whiteside County Code з 39-268(e)(2)(h),,,,,,2021,,
Illinois,,Whiteside,Structures,Meters,152,Whiteside County Code з 39-268(e)(2)(h),,,,,,2021,,
Illinois,,Will,Height,Meters,7.62,Will County Code з 155-9.245,25' max height ,,,,,2021,,
Illinois,,Will,Property Line,Meters,7.62,Will County Code з 155-9.245,,,,,,2021,,
Illinois,,Winnebago,Property Line,Meters,15.24,Winnebago County Code з 15.3.28(A),,,,,,2021,,
Illinois,,Woodford,Height,Meters,5.4,Woodford County Ord. з 154.30.3(C),,,,,,2021,,
Illinois,,Woodford,Property Line,Meters,15.24,Woodford County Ord. з 154.30.3(C),,,,,,2021,,
Illinois,,Woodford,Structures,Meters,152,Woodford County Ord. з 154.30.3(C),,,,,,2021,,
Indiana,,Clinton,Property Line,Meters,15.24,Clinton County Ord. з406.02,,,,,,2022,,
Indiana,,Clinton,Structures,Meters,60.96,Clinton County Ord. з406.02,,,,,,2022,,
Indiana,,Clinton,Height,Meters,6.096,Clinton County Ord. з406.02,,,,,,,,
Indiana,,Blackford,Minimum Lot Size ,Acres,10,Blackford County Zoning Ordinance Art 11  Sec 1105,,,,,,,,
Indiana,,Blackford,Property Line,Meters,15.24,Blackford County Zoning Ordinance Art 11  Sec 1105,,,,,,,,
Indiana,,Blackford,Roads,Meters,15.24,Blackford County Zoning Ordinance Art 11  Sec 1105,,,,,,,,
Indiana,,Blackford,Structures,Meters,91.44,Blackford County Zoning Ordinance Art 11  Sec 1105,,,,,,,,
Indiana,,Clinton,Property Line,Meters,15.24,Clinton County Ord. з406.02,,,,,,,,
Indiana,,Clinton,Structures,Meters,60.96,Clinton County Ord. з406.02,,,,,,,,
Indiana,,Clinton,Height,Meters,6.096,Clinton County Ord. з406.02,,,,,,,,
Indiana,,DeKalb,Structures,Meters,121.92,DeKalb County Ordinance з 3.13,,,,,,,,
Indiana,,DeKalb,Sound,dBA,50,DeKalb County Ordinance з 3.13,,,,,,,,
Indiana,,DeKalb,Height,Meters,5.49,DeKalb County Ordinance з 3.13,,,,,,,,
Indiana,,Dearborne,Height,Meters,6.096,Dearborne County Ordinance Art. 19,,,,,,,,
Indiana,,Dearborne,Property Line,Meters,45.72,Dearborne County Ordinance Art. 19,,,,,,,,
Indiana,,Dearborne,Structures,Meters,60.96,Dearborne County Ordinance Art. 19,,,,,,,,
Indiana,,Decatur,Sound,dBA,50,Decatur Zoning Ordinance Art 20 Solar Facilities ,,,,,,,,
Indiana,,Delaware,Height,Meters,6.096,Delware County Code of Ordinances,,,,,,,,
Indiana,,Delaware,Roads,Meters,15.24,Delware County Code of Ordinances,,,,,,,,
Indiana,,Delaware,Property Line,Meters,15.24,Delware County Code of Ordinances,,,,,,,,
Indiana,,Delaware,Structures,Meters,76.2,Delware County Code of Ordinances,,,,,,,,
Indiana,,Delaware,Sound,dBA,60,Delware County Code of Ordinances,,,,,,,,
Indiana,,Franklin,Height,Meters,6.096,Franklin County Code of Ordinances з 80.06.06,,,,,,,,
Indiana,,Franklin,Sound,dBA,50,Franklin County Code of Ordinances з 80.06.06,,,,,,,,
Indiana,,Franklin,Road,Meters,42.67,Franklin County Code of Ordinances з 80.06.06,,,,,,,,
Indiana,,Franklin,Minimum Lot Size,Acres,5,Franklin County Code of Ordinances з 80.06.06,,,,,,,,
Indiana,,Franklin,Property Line,Meters,30.48,Franklin County Code of Ordinances з 80.06.06,,,,,,,,
Indiana,,Gibson,Height,Meters,7.62,Gibson County Ordinance # 2021-03 Solar Energy,,,,,,,,
Indiana,,Gibson,Property Line,Meters,7.62,Gibson County Ordinance # 2021-03 Solar Energy,,,,,,,,
Indiana,,Gibson,Structures,Meters,45.72,Gibson County Ordinance # 2021-03 Solar Energy,,,,,,,,
Indiana,,Howard,Roads,Meters,15.24,Howard County Zoning Ordinance ,,,,,,,,
Indiana,,Howard,Highway,Meters,15.24,Howard County Zoning Ordinance ,,,,,,,,
Indiana,,Howard,Property Line,Meters,30.48,Howard County Zoning Ordinance ,,,,,,,,
Indiana,,Howard,Structures,Meters,91.44,Howard County Zoning Ordinance ,,,,,,,,
Indiana,,Howard,Height,Meters,6.096,Howard County Zoning Ordinance ,,,,,,,,
Indiana,,Jay,Property Line,Meters,7.62,Jay County Zoning Ordinance ,,,,,,,,
Indiana,,Jay,Structures,Meters,45.72,Jay County Zoning Ordinance ,,,,,,,,
Indiana,,Jay,Roads,Meters,15.24,Jay County Zoning Ordinance ,,,,,,,,
Indiana,,Jay,Height,Meters,6.096,Jay County Zoning Ordinance ,,,,,,,,
Indiana,,Jay,Sound,dBA,50,Jay County Zoning Ordinance ,,,,,,,,
Indiana,,Johnson,Property Line,Meters,45.72,Johnson County Zoning Ordinance Sec. 6-101-6 (K) ,,,,,,,,
Indiana,,Johnson,Roads,Meters,30.48,Johnson County Zoning Ordinance Sec. 6-101-6 (K) ,,,,,,,,
Indiana,,Johnson,Height,Meters,7.62,Johnson County Zoning Ordinance Sec. 6-101-6 (K) ,,,,,,,,
Indiana,,Johnson,Sound,dBA,50,Johnson County Zoning Ordinance Sec. 6-101-6 (K) ,,,,,,,,
Indiana,,Koscuisko,MInimum Lot Size,Acres,5,Koscuisko County Zoning Ordinance,,,,,,,,
Indiana,,Koscuisko,Roads,Meters,60.96,Koscuisko County Zoning Ordinance,,,,,,,,
Indiana,,Koscuisko,Property Line,Meters,60.96,Koscuisko County Zoning Ordinance,,,,,,,,
Indiana,,Koscuisko,Railroads,Meters,60.96,Koscuisko County Zoning Ordinance,,,,,,,,
Indiana,,Madison,Minimum Lot Size,Acres,5,Madison County Planning ,,,,,,,,
Indiana,,Marshall,Property Line,Meters,22.86,Marshall County Zoning Ordinance,,,,,,,,
Indiana,,Marshall,Structures,Meters,76.2,Marshall County Zoning Ordinance,,,,,,,,
Indiana,,Marshall,Height,Meters,4.57,Marshall County Zoning Ordinance,,,,,,,,
Indiana,,Miami,Property Line,Meters,45.72,Miami County Ordinance # 12-20-2021,,,,,,,,
Indiana,,Miami,Roads,Meters,30.48,Miami County Ordinance # 12-20-2021,,,,,,,,
Indiana,,Miami,Structures,Meters,60.96,Miami County Ordinance # 12-20-2021,,,,,,,,
Indiana,,Monroe ,Height,Meters,6.096,Monroe County Zoning Ordinance,,,,,,,,
Indiana,,Monroe ,Minimum Lot Size,Acres,5,Monroe County Zoning Ordinance,,,,,,,,
Indiana,,Montgomery,Property Line,Meters,9.14,Montgomery County section 13 solar farms and facilities  ,,,,,,,,
Indiana,,Montgomery,Roads,Meters,30.48,Montgomery County section 13 solar farms and facilities  ,,,,,,,,
Indiana,,Montgomery,Height,Meters,6.096,Montgomery County section 13 solar farms and facilities  ,,,,,,,,
Indiana,,Noble,Minimum Lot Size,Acres,5,Noble County Zoning Ordinance ,,,,,,,,
Indiana,,Noble,Height,Meters,4.57,Noble County Zoning Ordinance ,,,,,,,,
Indiana,,Noble,Sound,dBA,50,Noble County Zoning Ordinance ,,,,,,,,
Indiana,,Noble,Property Line,Meters,15.24,Noble County Zoning Ordinance ,,,,,,,,
Indiana,,Noble,Structures,Meters,91.44,Noble County Zoning Ordinance ,,,,,,,,
Indiana,,Porter ,Height,Meters,6.096,Porter County Zoning Ordinance ,,,,,,,,
Indiana,,Posey,Sound,dBA,45,Posey County Zoning з 153.126.03,,,,,,,,
Indiana,,Posey,Property Line,Meters,30.48,Posey County Zoning з 153.126.03,,,,,,,,
Indiana,,Posey,Height,Meters,7.62,Posey County Zoning з 153.126.03,,,,,,,,
Indiana,,Rush,Height,Meters,6.096,Rush County Zoning Ordinance Amendment 6.4,,,,,,,,
Indiana,,Rush,Property Line,Maximum Structure Height Multiplier,10,Rush County Zoning Ordinance Amendment 6.4,,,,,,,,
Indiana,,Saint Joseph ,Height,Meters,6.7,Saint Joseph County Zoning Ordinance з  154.515,,,,,,,,
Indiana,,Starke ,Height,Meters,10.67,Starke County Ordinance # 6-19-1: Commercial Solar Enegry Systems ,,,,,,,,
Indiana,,Starke ,Property Line,Meters,15.24,Starke County Ordinance # 6-19-1: Commercial Solar Enegry Systems ,,,,,,,,
Indiana,,Starke ,Roads,Meters,30.48,Starke County Ordinance # 6-19-1: Commercial Solar Enegry Systems ,,,,,,,,
Indiana,,Starke ,Structures,Meters,60.96,Starke County Ordinance # 6-19-1: Commercial Solar Enegry Systems ,,,,,,,,
Indiana,,Starke ,Sound,dBA,55,Starke County Ordinance # 6-19-1: Commercial Solar Enegry Systems ,,,,,,,,
Indiana,,Vermillion ,Height,Meters,7.62,Vermillion Sounty COmmercial Solar Energy Ordinance ,,,,,,,,
Indiana,,Vermillion ,Property Line,Meters,30.48,Vermillion Sounty COmmercial Solar Energy Ordinance ,,,,,,,,
Indiana,,Vermillion ,Structures,Meters,60.96,Vermillion Sounty COmmercial Solar Energy Ordinance ,,,,,,,,
Indiana,,Vermillion ,Minimum Lot Size,Acres,5,Vermillion Sounty COmmercial Solar Energy Ordinance ,,,,,,,,
Indiana,,Vermillion ,Sound,dBA,50,Vermillion Sounty COmmercial Solar Energy Ordinance ,,,,,,,,
Indiana,,Warren,Minimum Lot Size,Acres,5,Warren County Ordinance # 2020-1116,,,,,,,,
Indiana,,Warren,Height,Meters,7.62,Warren County Ordinance # 2020-1116,,,,,,,,
Indiana,,Warren,Sound,dBA,45,Warren County Ordinance # 2020-1116,,,,,,,,
Indiana,,Warren,Structures,Meters,152.4,Warren County Ordinance # 2020-1116,,,,,,,,
Indiana,,White,Minimum Lot Size,Acres,5,White County Zoning Ordinance 7.15,,,,,,,,
Indiana,,White,Height,Meters,3.04,White County Zoning Ordinance 7.15,,,,,,,,
Indiana,,White,Property Line,Meters,30.48,White County Zoning Ordinance 7.15,,,,,,,,
Indiana,,White,Sound,dBA,65,White County Zoning Ordinance 7.15,,,,,,,,
Iowa,,Adair,Total Installation,Acres,400,Adair County Ord. 38 з 2,Cap of 400 total developed acres for solar in the county ,,,,,2022,,
Iowa,,Adair,Property Line,Meters,76.2,Adair County Ord. 38 з 4,,,,,,2021,,
Iowa,,Adair,Structures,Meters,304,Adair County Ord. 38 з 4,1000' setback from occupied residences,,,,,2021,,
Iowa,,Adair,Roads,Meters,15.24,Adair County Ord. 38 з 4,50' setback from road,,,,,2021,,
Iowa,,Buchanan,Height,Meters,4.5,Buchanan County Zoning Ord. з (VII)(Y)(4),,,,,,2021,,
Iowa,,Buchanan,Property Line,Meters,3.04,Buchanan County Zoning Ord. з (VII)(Y)(4),10' setback,,,,,2021,,
Iowa,,Mills,Height,Meters,4.5,Mills County Zoning Ord. з 27.12.3(c),,,,,,2021,,
Iowa,,Mills,Property Line,Meters,15.24,Mills County Zoning Ord. з 27.12.3(c),,,,,,2021,,
Iowa,,Mills,Structures,Meters,91.44,Mills County Zoning Ord. з 27.12.3(c),,,,,,2021,,
Iowa,,Mills,Roads,Meters,15.24,Mills County Zoning Ord. з 27.12.3(c),,,,,,2021,,
Iowa,,Mills,Highway,Meters,24.38,Mills County Zoning Ord. з 27.12.3(c),80' setback to highways ,,,,,2021,,
Iowa,,Mills,Noise,dBa,50,Mills County Zoning Ord. з 27.12.3(c),,,,,,2021,,
Iowa,,Monona,Height,Meters,6,Monona County Zoning Ord з 100.36.7,,,,,,2021,,
Iowa,,Story,Property Line,Maximum Structure Height,1.1,Story County Code Ords. з 90.08.8,,,,,,2021,,
Iowa,,Story,Structures,Meters,30.48,Story County Code Ords. з 90.08.8,,,,,,2021,,
Iowa,,Union,Total Installation,Acres,800,Union County Ord. 74 з 2 ,Cap of 800 total developed acres for solar in the county ,,,,,2021,,
Iowa,,Union,Structures,Meters,91.44,Union County Ord. 74 з 2 ,,,,,,2021,,
Iowa,,Union,Property Line,Meters,30.48,Union County Ord. 74 з 2 ,,,,,,2021,,
Iowa,,Union,Roads,Meters,22.86,Union County Ord. 74 з 2 ,,,,,,2021,,
Iowa ,,Winneshiek,Height,Meters,6,Winneshiek County Code з 714.5,,,,,,2021,,
Iowa,,Winneshiek,Property Line,Meters,15.24,Winneshiek County Code з 714.5,,,,,,2021,,
Iowa,,Winneshiek,Structures,Meters,60.96,Winneshiek County Code з 714.5,,,,,,2021,,
Iowa,,Winneshiek,Roads,Meters,18.2,Winneshiek County Code з 714.5,,,,,,2021,,
Iowa,,Winneshiek,Highway,Meters,24.38,Winneshiek County Code з 714.5,,,,,,2021,,
Kansas,,Finney,Property Line,Meters,15.24,Finney County Zoning Ordinance,,,,,,,,
Kansas,,Finney,Height,Meters,6.096,Finney County Zoning Ordinance,,,,,,,,
Kansas,,Franklin,Height,Meters,10.67,Franklin County Zoning Regulations  Sec. 3-3,,,,,,,,
Kansas,,Franklin,Property Line,Meters,12.19,Franklin County Zoning Regulations  Sec. 3-3,,,,,,,,
Kansas,,Franklin,Roads,Meters,12.19,Franklin County Zoning Regulations  Sec. 3-3,,,,,,,,
Kansas,,Franklin,Structures,Meters,76.2,Franklin County Zoning Regulations  Sec. 3-3,,,,,,,,
Kansas,,Leavenworth,Height,Meters,10.67,Leavenworth County Zoning Ordinance,,,,,,,,
Kansas,,Leavenworth,Property Line,Meters,12.19,Leavenworth County Zoning Ordinance,,,,,,,,
Kansas,,Leavenworth,Roads,Meters,12.19,Leavenworth County Zoning Ordinance,,,,,,,,
Kansas,,Meade,Height,Meters,7.62,Meade County Ordinance-2021-005,,,,,,,,
Kansas,,Meade,Property Line,Meters,15.24,Meade County Ordinance-2021-005,,,,,,,,
Kansas,,Meade,Structures,Meters,76.2,Meade County Ordinance-2021-005,,,,,,,,
Kansas,,Meade,Maximum Lot Size,Acres,1200,Meade County Ordinance-2021-005,,,,,,,,
Kansas,,Sedgwick,Height,Meters,10.67,Sedgwick County Zoning ,,,,,,,,
Kansas,,Sedgwick,Property Line,Meters,12.19,Sedgwick County Zoning ,,,,,,,,
Kansas,,Sedgwick,Roads,Meters,12.19,Sedgwick County Zoning ,,,,,,,,
Kentucky,,Henderson ,Height,Meters,7.62,Henderson County Zoning Ord. з 30.02,,,,,,2021,,
Kentucky,,Henderson ,Property Line,Meters,7.62,Henderson County Zoning Ord. з 30.02,,,,,,2021,,
Kentucky,,Henderson ,Structures,Meters,30.48,Henderson County Zoning Ord. з 30.02,,,,,,2021,,
Kentucky,,Meade,Total Installation,Acres,2000,Meade County Zoning Regs. з 4.3.7.3,,,,,,,,
Kentucky,,Meade,Maximum Lot Size,Acres,5,Meade County Zoning Regs. за4.3.7.2.b,,,,,,2021,,
Kentucky,,Meade,Height,Meters,7.62,Meade County Zoning Regs. з 4.3.7.3,,,,,,2021,,
Kentucky,,Meade,Property Line,Meters,76.2,Meade County Zoning Regs. з 4.3.7.3(c),,,,,,2021,,
Kentucky,,Simpson,Height,Meters,4.5,Simpson County Zoning Regs. з 9.8,,,,,,2021,,
Kentucky,,Simpson,Roads,Meters,15.24,Simpson County Zoning Regs. з 9.8,,,,,,2021,,
Kentucky,,Simpson,Structures,Meters,76.2,Simpson County Zoning Regs. з 9.8,,,,,,2021,,
Maryland ,,Allegany,Property Line,Meters,9.14,Allegany County Zoning sec. 360-109,,,,,,,,
Maryland ,,Baltimore,Property Line,Meters,15.24,BALTIMORE COUNTY ZONING REGULATIONS ARTICLE 4F - SOLAR FACILITIES,,,,,,,,
Maryland ,,Baltimore,Height,Meters,6.096,BALTIMORE COUNTY ZONING REGULATIONS ARTICLE 4F - SOLAR FACILITIES,,,,,,,,
Maryland ,,Caroline ,Maximum Lot Size,Acres,2000,Caroline County Ordinance #2017-2,,,,,,,,
Maryland ,,Caroline ,Structures,Meters,60.96,Caroline County Ordinance #2017-2,,,,,,,,
Maryland ,,Caroline ,Property Line,Meters,7.62,Caroline County Ordinance #2017-2,,,,,,,,
Maryland ,,Caroline ,Height,Meters,4.57,Caroline County Ordinance #2017-2,,,,,,,,
Maryland ,,Cecil,Minimum lot Size,Acres,50,Cecil County Zoning Code ,,,,,,,,
Maryland ,,Charles ,Height,Meters,7.62,Charles County Zoning Code Chapt. 297,,,,,,,,
Maryland ,,Charles ,Property Line,Meters,15.24,Charles County Zoning Code Chapt. 297,,,,,,,,
Maryland ,,Dorchester,Mimimum Lot Size,Acres,25,Dorchester County Zoning Ch. 155,,,,,,,,
Maryland ,,Dorchester,Height,Meter,13.72,Dorchester County Zoning Ch. 155,,,,,,,,
Maryland ,,Fredrick ,Minimum Lot Size,Acres,0.46,Frederick County Zoning Code з1-19-6.100,,,,,,,,
Maryland ,,Fredrick ,Property Line,Meters,15.24,Frederick County Zoning Code з1-19-6.100,,,,,,,,
Maryland ,,Fredrick ,Height,Meters,9.14,Frederick County Zoning Code з1-19-6.100,,,,,,,,
Maryland ,,Howard,Minimum Lot Size,Acres,10,Howard County Code Sec. 131,,,,,,,,
Maryland ,,Howard,Maximum Lot Size,Acres,75,Howard County Code Sec. 131,,,,,,,,
Maryland ,,Howard,Property Line,Meters,15.24,Howard County Code Sec. 131,,,,,,,,
Maryland ,,Howard,Height,Meters,6.096,Howard County Code Sec. 131,,,,,,,,
Maryland ,,Queen Annes,Property Line,Meters,22.86,Queen AnneТs County Cod з 18:1-15,,,,,,,,
Maryland ,,Queen Annes,Roads,Meters,30.48,Queen AnneТs County Cod з 18:1-15,,,,,,,,
Maryland ,,Somerset,Total Installation,Acres,1800,Somerset County Zoning Ordinance,,,,,,,,
Maryland ,,Somerset,U.S. Route 13,Meters,457.2,Somerset County Zoning Ordinance,,,,,,,,
Maryland ,,Somerset,M.D. Route 413,Meters,457.2,Somerset County Zoning Ordinance,,,,,,,,
Maryland ,,Somerset,Property Line,Meters,22.86,Somerset County Zoning Ordinance,,,,,,,,
Maryland ,,Somerset,Roads,Meters,182.88,Somerset County Zoning Ordinance,,,,,,,,
Maryland ,,Somerset,Structures,Meters,182.88,Somerset County Zoning Ordinance,,,,,,,,
Maryland ,,Worcester,Minimum Lot Size,Acres,50,Worcester County Code ,,,,,,,,
Michigan,,Clinton,Height,Meters,4.88,4.48 Solar farms,,,,,,,,
Michigan,,Clinton,Property Line,Meters,7.62,4.48 Solar farms,,,,,,,,
Michigan,,Clinton,Roads,Meters,15.24,4.48 Solar farms,,,,,,,,
Michigan,,Clinton,Sounds,dBA,60,4.48 Solar farms,,,,,,,,
Michigan,,Eaton,Height,Meters,4.8768,SECTION 14.39 SOLAR ENERGY SYSTEM,,,,,,,,
Michigan,,Eaton,Property Line,Meters,30.48,SECTION 14.39 SOLAR ENERGY SYSTEM,,,,,,,,
Michigan,,Eaton,Roads,Meters,30.48,SECTION 14.39 SOLAR ENERGY SYSTEM,,,,,,,,
Michigan,,Gladwind,Property Line,Meters,15.24,SECTION 7.26 ALTERNATIVE ENERGY FARMS ,,,,,,,,
Michigan,,Gladwind,Structures,Meters,15.24,SECTION 7.26 ALTERNATIVE ENERGY FARMS ,,,,,,,,
Michigan,,Gladwind,Height,Meters,9.144,SECTION 7.26 ALTERNATIVE ENERGY FARMS ,,,,,,,,
Michigan,,Ogemaw,Roads,Meters,15.24,FF. Solar Energy Farms ,,,,,,,,
Michigan,,Ogemaw,Minimum Lot Size ,Acres,5,FF. Solar Energy Farms ,,,,,,,,
Michigan,,Presque Isle,Property line,Meters,15.24,Presque Isle Ordinance 2018-02,,,,,,,,
Minnesota,,Blue Earth ,Structures,Meters,228.6,Blue Earth County Zoning Ord. з 24-334(c)(13),,,,,,2021,,
Minnesota,,Blue Earth ,Property Line,Meters,15.24,Blue Earth County Zoning Ord. з 24-334(c)(13),,,,,,2021,,
Minnesota,,Blue Earth ,Roads,Meters,45.72,Blue Earth County Zoning Ord. з 24-334(c)(13),,,,,,2021,,
Minnesota,,Blue Earth ,Highway,Meters,30.48,Blue Earth County Zoning Ord. з 24-334(c)(13),,,,,,2021,,
Minnesota,,Blue Earth ,Height,Meters,6,Blue Earth County Zoning Ord. з 24-334(b)(1),,,,,,2021,,
Minnesota,,Carlton,Structures,Meters,60.96,Carlton County Renewable Energy Ord. 32 з 3(b)(2)(D),200' setback from residential structures ,,,,,2021,,
Minnesota,,Carver,Structures,Meters,152.4,Carver County Zoning Ord. з 152.057(C)(2),,,,,,2021,,
Minnesota,,Carver,Roads,Meters,15.24,Carver County Zoning Ord. з 152.057(C)(2),,,,,,2021,,
Minnesota,,Carver,Property Line,Meters,15.24,Carver County Zoning Ord. з 152.057(C)(2),,,,,,2021,,
Minnesota,,Cass,Property Line,Meters,15.24,Cass County Land Use Ord. 2020-02 з 1109.4,50' setback that includes a vegetated buffer,,,,,2021,,
Minnesota,,Chisago,Property Line,Meters,22.86,Chisago Land Use Ord. з 7.31(F),,,,,,2021,,
Minnesota,,Chisago,Structures,Meters,76.2,Chisago Land Use Ord. з 7.31(F),,,,,,2021,,
Minnesota,,Chisago,Roads,Meters,41.48,Chisago Land Use Ord. з 7.31(F),135' Setback,,,,,2021,,
Minnesota,,Clay,Height,Meters,4.5,Clay County Renewable Energy Ord. 2018-02 з 10.1.1,,,,,,2021,,
Minnesota,,Clay,Property Line,Meters,30.48,Clay County Renewable Energy Ord. 2018-02 з 10.1.1,,,,,,2021,,
Minnesota,,Clearwater,Property Line,Meters,30.48,Clearwater County Renewable Energy Ord. з 5.30,,,,,,2021,,
Minnesota,,Clearwater,Roads,Meters,30.48,Clearwater County Renewable Energy Ord. з 5.30,,,,,,2021,,
Minnesota,,Clearwater,Structures,Meters,91.44,Clearwater County Renewable Energy Ord. з 5.30,300' setback to residences/dwellings ,,,,,2021,,
Minnesota,,Cottonwood ,Height,Meters,4.5,Cottonwood County Renewable Energy Ord. з 25.6B,,,,,,2021,,
Minnesota,,Jackson,Property Line,Meters,45.72,Jackson County Dev. Code з 735.41,,,,,,2021,,
Minnesota,,Jackson,Roads,Meters,60.96,Jackson County Dev. Code з 735.41,,,,,,2021,,
Minnesota,,Lyon,Property Line,Meters,7.62,Lyon County Zoning Ord. з 21.6,,,,,,2021,,
Minnesota,,Lyon,Structures,Meters,60.96,Lyon County Zoning Ord. з 21.6,,,,,,2021,,
Minnesota,,Lyon,Roads,Meters,7.62,Lyon County Zoning Ord. з 21.6,,,,,,2021,,
Minnesota,,Mower,Property Line,Meters,30.48,Mower County Zoning Ord. з 14-18.7,,,,,,2021,,
Minnesota,,Mower,Structures,Meters,152.4,Mower County Zoning Ord. з 14-18.7,,,,,,2021,,
Minnesota,,Murray,Structures,Meters,60.96,Murray County Renewable Energy Ord. з 901.2,,,,,,2021,,
Minnesota,,Murray,Roads,Meters,30.48,Murray County Renewable Energy Ord. з 901.2,,,,,,2021,,
Minnesota,,Otter Tail ,Structures,Meters,60.96,Otter Tail County Renewable Energy Ord. з 5.1,,,,,,2021,,
Minnesota,,Otter Tail ,Roads,Meters,30.48,Otter Tail County Renewable Energy Ord. з 5.1,,,,,,2021,,
Minnesota,,Pine,Structures,Meters,83.82,Pine County Zoning Ord. з 4.9.1,275' setback to dwellings,,,,,2021,,
Minnesota,,Pine,Roads,Meters,30.48,Pine County Zoning Ord. з 4.9.1,,,,,,2021,,
Minnesota,,Pine,Property Line,Meters,15.24,Pine County Zoning Ord. з 4.9.1,,,,,,2021,,
Minnesota,,Pipestone ,Structures,Meters,45.72,Pipestone County Zoning Ord. з 5-11(D),,,,,,2018,,
Minnesota,,Polk,Structures,Meters,91.44,Polk County Zoning Ord. з 23.7400,,,,,,2018,,
Minnesota,,Polk,Roads,Meters,30.48,Polk County Zoning Ord. з 23.7400,,,,,,2018,,
Minnesota,,Polk,Property Line,Meters,30.48,Polk County Zoning Ord. з 23.7400,,,,,,2018,,
Minnesota,,Pope,Structures,Meters,60.96,Pope County Land Use Controls Ord. з 10.12(C),,,,,,2018,,
Minnesota,,Pope,Roads,Meters,76.2,Pope County Land Use Controls Ord. з 10.12(C),250' setback to roads ,,,,,2018,,
Minnesota,,Pope,Highway,Meters,152.4,Pope County Land Use Controls Ord. з 10.12(C),,,,,,2018,,
Minnesota,,Pope,Height,Meters,7.62,Pope County Land Use Controls Ord. з 10.12(C),,,,,,2018,,
Minnesota,,Renville,Structures,Meters,60.96,Renville County Renewable Energy Regs. з 2.3.1,,,,,,2018,,
Minnesota,,Renville,Roads,Meters,20.42,Renville County Renewable Energy Regs. з 2.3.1,67' setback,,,,,2018,,
Minnesota,,Renville,Property Line,Meters,6,Renville County Renewable Energy Regs. з 2.3.1,,,,,,2018,,
Minnesota,,Sibley,Structures,Meters,45.72,Sibley County Zoning Ord. з 300.14.21.8.2.,,,,,,2018,,
Minnesota,,Sibley,Height,Meters,10.66,Sibley County Zoning Ord. з 300.14.21.8.2.,,,,,,2018,,
Minnesota,,Stearns ,Structures,Meters,60.96,Stearns County Zoning Ord. з 6.54.1,,,,,,2018,,
Minnesota,,Stearns ,Property Line,Meters,15.24,Stearns County Zoning Ord. з 6.54.1,,,,,,2018,,
Minnesota,,Stevens,Structures,Meters,60.96,Stevens County Zoning Ord. з 14(P),,,,,,2018,,
Minnesota,,Wadena,Structures,Meters,91.44,Wadena County Zoning Ord. з 19(B)(4),,,,,,2018,,
Minnesota,,Wadena,Roads,Meters,30.48,Wadena County Zoning Ord. з 19(B)(4),,,,,,2018,,
Minnesota,,Wadena,Property Line,Meters,30.48,Wadena County Zoning Ord. з 19(B)(4),,,,,,2018,,
Minnesota,,Watonwan,Structures,Meters,45.72,Watonwan County Solar Ord. з 5(A)(1),,,,,,2018,,
Minnesota,,Watonwan,Highway,Meters,53.34,Watonwan County Solar Ord. з 5(A)(1),175' Setback,,,,,2018,,
Minnesota,,Watonwan,Roads,Meters,40.5,Watonwan County Solar Ord. з 5(A)(1),133' Setback,,,,,2018,,
Minnesota,,Wright ,Moratorium ,N/A,,Wright County Amendment Ord. 21-1,"Moratorium on Commercial Solar as of May 18, 2021",,,,,2018,,
Missouri,,Lafayette,Minimum Lot Size ,Acres,10,Lafayette Land Dev. Code з 5.15.3,,,,,2016,2018,,
Missouri,,Lafayette,Height,Meters,4.5,Lafayette Land Dev. Code з 5.15.3,,,,,2016,2018,,
Missouri,,Warren,Structures,Meters,60.96,Warren County Dev. Code Appdx D. з 4(A)(2),,,,,2020,2018,,
Nebraska,,Cass,Property Line,Meters,9.144,Cass County Zoning Regs. з 8.21.05,30' setback,,,,2021,2018,,
Nebraska,,Cass,Height,Meters,7.62,Cass County Zoning Regs. з 8.21.05,,,,,2021,2018,,
Nebraska,,Cuming ,Property Line,Meters,9.144,Cuming County Zoning Regs. з 8.23.05,,,,,2017,2018,,
Nebraska,,Cuming ,Height,Meters,3.65,Cuming County Zoning Regs. з 8.23.05,,,,,2017,2018,,
Nebraska,,Dawson,Property Line,Meters,9.144,Dawson County Zoning Regs. з 6.09.05,,,,,2019,2018,,
Nebraska,,Dawson,Height,Meters,3.65,Dawson County Zoning Regs. з 6.09.05,,,,,2019,2018,,
Nebraska,,Fillmore,Property Line,Meters,9.144,Fillmore County Zoning Regs. з 9.24.06,,,,,2013,2018,,
Nebraska,,Fillmore,Height,Meters,4.57,Fillmore County Zoning Regs. з 9.24.06,,,,,2013,2018,,
Nebraska,,Hamilton,Property Line,Meters,9.144,Hamilton County Zoning Regs. з 8.09.06,,,,,2019,2018,,
Nebraska,,Hamilton,Height,Meters,3.65,Hamilton County Zoning Regs. з 8.09.06,,,,,2019,2018,,
Nebraska,,Kearney,Property Line,Meters,45.72,Kearney County Zoning Regs. з 7.42.12,150' setback,,,,2018,2018,,
Nebraska,,Kearney,Structures,Meters,402.33,Kearney County Zoning Regs. з 7.42.12,1320' setback to offsite residences,,,,2018,2018,,
Nebraska,,Kearney,Roads,Meters,45.72,Kearney County Zoning Regs. з 7.42.12,,,,,2018,2018,,
Nebraska,,Kearney,Wetlands,Meters,402.33,Kearney County Zoning Regs. з 7.42.12,"1320' Setback to USFW designated type III, IV, or V wetlands",,,,2020,2018,,
Nebraska,,Kimball,Property Line,Meters,15.24,Kimball County Zoning Regs. з 20.04.4,,,,,2020,2018,,
Nebraska,,Kimball,Structures,Meters,30.48,Kimball County Zoning Regs. з 20.04.4,,,,,2020,2018,,
Nebraska,,Madison ,Property Line,Meters,9.144,Madison County Zoning Regs. з 603(C),,,,,,2018,,
Nebraska,,Madison ,Roads,Meters,25.94,Madison County Zoning Regs. з 603(C),83' setback to centerline of roads ,,,,,2018,,
Nebraska,,Madison ,Height ,Meters,60.96,Madison County Zoning Regs. з 603(C),,,,,,2018,,
Nebraska,,Pierce,Property Line,Meters,9.144,Pierce County Zoning Regs. з 6.04.01,,,,,,2018,,
Nebraska,,Pierce,Roads,Meters,25.94,Pierce County Zoning Regs. з 6.04.01,83' setback to centerline of roads ,,,,,2018,,
Nebraska,,Pierce,Height ,Meters,60.96,Pierce County Zoning Regs. з 6.04.01,,,,,,2018,,
Nebraska,,Saunders,Property Line,Meters,9.144,Saunders County Zoning Regs. з 9.14.05,,,,,,2018,,
Nebraska,,Saunders,Height,Meters,7.62,Saunders County Zoning Regs. з 9.14.05,,,,,,2018,,
Nevada,,Lyon,Minimum lot size,Acres,10,15.336.09 Solar Generation,,,,,,,,
Nevada,,Lyon,Property Line,Meters,9.144,15.336.09 Solar Generation,,,,,,,,
Nevada,,Lyon,Height,Meters,7.3152,15.336.09 Solar Generation,,,,,,,,
New Jersey,,Cape May,Property Line,Meters,6.096,Ordinance 421-09,Used Burrough of West Cape May Std.,,,,,,,
New Jersey,,Cape May,Height,Meters,4.572,Ordinance 421-09,,,,,,,,
New York,Bath,Steuben,Maximum Lot Size ,Acres,150,Bath Town Code з 101-8 ,,,,,2020,,,
New York,Bath,Steuben,Height,Meters,3.04,Bath Town Code з 101-8 ,10' max height ,,,,2020,,,
New York,Bath,Steuben,Property Line,Meters,60.96,Bath Town Code з 101-8 ,200' setback to adjacent property lines if residential ,,,,2020,,,
New York,Bath,Steuben,Roads,Meters,30.48,Bath Town Code з 101-8 ,,,,,2020,,,
New York,Brookhaven,,Minimum Lot Size ,Acres,5,Brookhaven Town Code з 85-813(b),,,,,2016,,,
New York,Brookhaven,,Height,Meters,6.09,Brookhaven Town Code з 85-813(b),20' Max height ,,,,2016,,,
New York,Brookhaven,,Structures,Meters,30.48,Brookhaven Town Code з 85-813(b),,,,,2016,,,
New York,Dryden,,Height,Meters,6.09,Dryden Town Code з 270-13.12(F),20' Max height ,,,,2017,,,
New York,Goshen,Orange,Minimum Lot Size,Acres,10,Goshen Local Law No. 4 (2016) з 2,,,,,2016,,,
New York,Goshen,Orange,Property Line,Meters,30.48,Goshen Local Law No. 4 (2016) з 2,,,,,2016,,,
New York,Goshen,Orange,Roads,Meters,30.48,Goshen Local Law No. 4 (2016) з 2,,,,,2016,,,
New York,Greece,,Property Lines,Meters,7.62,Greece Town Code з 211-61,,,,,,,,
New York,Johnstown ,,Minimum Lot Size,Acres,10,Johnstown Local Law 1-2015,,,,,2015,,,
New York,Johnstown ,,Maximum Lot Coverage,Percentage,80,Johnstown Local Law 1-2015,,,,,2015,,,
New York,Johnstown ,,Property Line,Meters,15.24,Johnstown Local Law 1-2015,,,,,2015,,,
New York,Johnstown ,,Structures,Meters,60.96,Johnstown Local Law 1-2015,200' to residential structures ,,,,2015,,,
New York,Lenox,,Minimum Lot Size,Acres,15,Lenox Town Code з 134-152.9,,,,,2017,,,
New York,Lenox,,Property Line,Meters,30.48,Lenox Town Code з 134-152.9,100' rear and side setbacks,,,,2017,,,
New York,Lenox,,Property Line,Meters,76.2,Lenox Town Code з 134-152.9,250' front setback,,,,2017,,,
New York,Montgomery,,Maximum Lot Coverage,Percentage,40,Montgomery Local Law 6-2019,,,,,2019,,,
New York,Montgomery,,Maximum Lot Size,Acres,20,Montgomery Local Law 6-2019,,,,,2019,,,
New York,Mount Hope ,,Minimum Lot Size,Acres,10,Mount Hope Code з 250-36(G),,,,,,,,
New York,Mount Hope ,,Maximum Lot Coverage,Percentage,85,Mount Hope Code з 250-36(G),,,,,,,,
New York,Mount Hope ,,Height ,Meters,4.5,Mount Hope Code з 250-36(G),,,,,,,,
New York,Mount Hope ,,Property Line ,Meters,30.48,Mount Hope Code з 250-36(G),,,,,,,,
New York,Riverhead,,Minimum Lot Size ,Acres,6,Riverhead Town Code з 301-282,,,,,2018,,,
New York,Riverhead,,Height,Meters,2.5,Riverhead Town Code з 301-282,8' Max height,,,,2018,,,
New York,Riverhead,,Maximum Lot Coverage,Percentage,75,Riverhead Town Code з 301-282,,,,,2018,,,
New York,Riverhead,,Structures,Meters,30.48,Riverhead Town Code з 301-282,100' setback to residential buildings,,,,2018,,,
New York,Rochester,,Maximum Lot Size,Acres,20,Rochester Town Code з 140-37(I),,,,,,,,
New York,Rochester,,Height,Meters,4.5,Rochester Town Code з 140-37(I),,,,,,,,
North Carolina ,,Alamance,Minimum Lot Size ,Acres,10,Alamance County Unified Dev. Ord. з 6.8.3,,,,,2020,2018,,
North Carolina ,,Alamance,Property Line,Meters,22.86,Alamance County Unified Dev. Ord. з 6.8.3,75' setback,,,,2020,2018,,
North Carolina ,,Alamance,Rivers,Meters,15.24,Alamance County Unified Dev. Ord. з 6.8.3,50' setback from streams ,,,,,2018,,
North Carolina ,,Alexander,Minimum Lot Size,Acres,5,Alexander County Zoning Ord. з 154.130.2(B),,,,,,2018,,
North Carolina ,,Alexander,Property Line,Meters,12.19,Alexander County Zoning Ord. з 154.130.2(B),40' setback,,,,,2018,,
North Carolina ,,Anson,Property Line,Meters,30.48,Anson County Solar Energy Ord. ,,,,,,2018,,
North Carolina ,,Anson,Structures,Meters,152.4,Anson County Solar Energy Ord. ,500' setback to existing residential structures ,,,,,2018,,
North Carolina ,,Beaufort ,Property Line,Meters,30.48,Beaufort County Code Ords. з 155.06,,,,,2018,2018,,
North Carolina ,,Beaufort ,Roads,Meters,30.48,Beaufort County Code Ords. з 155.06,,,,,2018,2018,,
North Carolina ,,Beaufort ,Structures,Meters,91.44,Beaufort County Code Ords. з 155.06,,,,,2018,2018,,
North Carolina ,,Bladen,Height,Meters,7.62,Bladen County Code Ords. з 13.4.2,,,,,,2018,,
North Carolina ,,Brunswick,Height ,Meters,6.096,Brunswick County Code Ords. з 5.3(Q),,,,,,2018,,
North Carolina ,,Brunswick,Roads,Meters,60.96,Brunswick County Code Ords. з 5.3(Q),,,,,,2018,,
North Carolina ,,Brunswick,Highway,Meters,152.4,Brunswick County Code Ords. з 5.3(Q),,,,,,2018,,
North Carolina ,,Caldwell,Structures,Meters,30.48,Caldwell County Code Ords. з 157.037,100' setback to structures (As a footnote in part (E)),,,,,2018,,
North Carolina ,,Caldwell,Height,Meters,6.096,Caldwell County Code Ords. з 157.037,,,,,,2018,,
North Carolina ,,Camden,Minimum Lot Size,Acres,5,Camden County Unified Dev. Ord. з 4.4.5(D)(1),,,,,2019,2018,,
North Carolina ,,Camden,Property Line,Meters,30.48,Camden County Unified Dev. Ord. з 4.4.5(D)(1),,,,,2019,2018,,
North Carolina ,,Camden,Height,Meters,4.5,Camden County Unified Dev. Ord. з 4.4.5(D)(1),15' max height ,,,,2019,2018,,
North Carolina ,,Carteret,Property Line,Meters,38.1,Carteret County Code Ords. за13.5.6,125' setback,,,,2017,,,
North Carolina ,,Carteret,Height,Meters,4.5,Carteret County Code Ords. з 13.5.6,,,,,2017,,,
North Carolina ,,Catawba,Property Line,Meters,15.24,Catawba County Unified Dev. Ord. з 44-633,,,,,2021,,,
North Carolina ,,Catawba,Roads,Meters,30.48,Catawba County Unified Dev. Ord. з 44-633,,,,,2021,,,
North Carolina ,,Chatham,Property Line,Meters,15.24,Chatham County Zoning Ord. з 17.6,,,,,,,,
North Carolina ,,Chatham,Roads,Meters,30.48,Chatham County Zoning Ord. з 17.6,,,,,,,,
North Carolina ,,Chatham,Height,Meters,7.62,Chatham County Zoning Ord. з 17.6,,,,,,,,
North Carolina ,,Chowan,Property Line,Meters,76.2,Chowan County Zoning Ord. з 8.108,,,,,,,,
North Carolina ,,Chowan,Roads,Meters,76.2,Chowan County Zoning Ord. з 8.108,,,,,,,,
North Carolina ,,Chowan,Waters,Meters,76.2,Chowan County Zoning Ord. з 8.108,"250' setback to ""CAMA designated navigable water bodies"" ",,,,,,,
North Carolina ,,Chowan,Highway,Meters,304.8,Chowan County Zoning Ord. з 8.108,1000' setback to NC Scenic Byways ,,,,,,,
North Carolina ,,Chowan ,Height ,Meters,4.5,Chowan County Zoning Ord. з 8.108,,,,,,,,
North Carolina ,,Clay,Property Line,Meters,30.48,Clay County Solar Farm Ord. з 6(C),,,,,2011,,,
North Carolina ,,Clay,Lakes,Meters,30.48,Clay County Solar Farm Ord. з 6(C),,,,,2011,,,
North Carolina ,,Clay,Rivers,Meters,30.48,Clay County Solar Farm Ord. з 6(C),,,,,2011,,,
North Carolina ,,Clay,Roads,Meters,30.48,Clay County Solar Farm Ord. з 6(C),,,,,2011,,,
North Carolina ,,Cleveland,Property Line,Meters,30.48,Cleveland County Unified Dev. Ord. з 12-160(e),,,,,2019,,,
North Carolina ,,Cleveland,Structures,Meters,60.96,Cleveland County Unified Dev. Ord. з 12-160(e),,,,,2019,,,
North Carolina ,,Cleveland,Highway,Meters,304.8,Cleveland County Unified Dev. Ord. з 12-160(e),,,,,2019,,,
North Carolina ,,Cleveland,Roads,Meters,60.96,Cleveland County Unified Dev. Ord. з 12-160(e),,,,,2019,,,
North Carolina ,,Columbus ,Property Line,Meters,9.144,Columbus County Zoning Ord. з 10-9-A,,,,,2021,,,
North Carolina ,,Columbus ,Highway,Meters,15.24,Columbus County Zoning Ord. з 10-9-A,,,,,2021,,,
North Carolina ,,Craven,Property Line,Meters,30.48,Craven County Code Ords. з 41-295,,,,,2021,,,
North Carolina ,,Craven,Roads,Meters,30.48,Craven County Code Ords. з 41-295,,,,,2021,,,
North Carolina ,,Currituck ,Maximum Lot Size,Acres,1000,Currituck County Unified Dev. Code з 4.2.3(K),,,,,2019,,,
North Carolina ,,Currituck ,Property Line,Meters,45.72,Currituck County Unified Dev. Code з 4.2.3(K),,,,,2019,,,
North Carolina ,,Currituck ,Roads,Meters,45.72,Currituck County Unified Dev. Code з 4.2.3(K),,,,,2019,,,
North Carolina ,,Currituck ,Waters,Meters,30.48,Currituck County Unified Dev. Code з 4.2.3(K),"100' setback to ""CAMA designated navigable water bodies"" ",,,,2019,,,
North Carolina ,,Currituck ,Height,Meters,6.096,Currituck County Unified Dev. Code з 4.2.3(K),,,,,2019,,,
North Carolina ,,Davie,Property Line,Meters,30.48,Davie County Zoning Ord. з 155.130.29,100' setback if in residential zone ,,,,,,,
North Carolina ,,Davie,Height ,Meters,4.5,Davie County Zoning Ord. з 155.130.29,,,,,,,,
North Carolina ,,Duplin,Property Line,Meters,7.62,Duplin County Solar Energy Ord. з 4,,,,,2015,,,
North Carolina ,,Duplin,Structures,Meters,91.44,Duplin County Solar Energy Ord. з 4,,,,,2015,,,
North Carolina ,,Duplin,Roads,Meters,18.3,Duplin County Solar Energy Ord. з 4,,,,,2015,,,
North Carolina ,,Edgecombe,Structures,Meters,30.48,Edgecombe County Unified Dev. Ord. з 4.3.97,,,,,2021,,,
North Carolina ,,Edgecombe,Height ,Meters,7.62,Edgecombe County Unified Dev. Ord. з 4.3.97,,,,,2021,,,
North Carolina ,,Gates,Minimum Lot Size ,Acres,10,Gates County Code Ords. з 155.204(B)(18),,,,,2021,,,
North Carolina ,,Gates,Property Line,Meters,30.48,Gates County Code Ords. з 155.204(B)(18),,,,,2021,,,
North Carolina ,,Gates,Structures,Meters,45.72,Gates County Code Ords. з 155.204(B)(18),,,,,2021,,,
North Carolina ,,Granville,Property Line,Meters,7.62,Granville County Land Dev. Code з 32-233,Greater of underlying zoning district setback or 25',,,,2009,,,
North Carolina ,,Granville,Height ,Meters,7.62,Granville County Land Dev. Code з 32-233,,,,,2009,,,
North Carolina ,,Greene,Property Line,Meters,7.62,Greene County Solar Energy Ord. з 5,,,,,2015,,,
North Carolina ,,Greene,Structures,Meters,152.4,Greene County Solar Energy Ord. з 5,"500' setback to ""Any residence or church""",,,,2015,,,
North Carolina ,,Greene,Roads,Meters,12.18,Greene County Solar Energy Ord. з 5,40' setback to roads,,,,2015,,,
North Carolina ,,Guilford,Structures,Meters,30.48,Guilford County Unified Dev. Ord. з 5.14(D),,,,,2020,,,
North Carolina ,,Guilford,Height ,Meters,7.62,Guilford County Unified Dev. Ord. з 5.14(D),,,,,2020,,,
North Carolina ,,Halifax,Structures,Meters,22.86,Halifax County Code Ords. з 46-50,75' setback,,,,2019,,,
North Carolina ,,Halifax,Height ,Meters,7.62,Halifax County Code Ords. з 46-51,,,,,2019,,,
North Carolina ,,Halifax,Waters,Meters,15.24,Halifax County Code Ords. з 46-50,"50' setback to lakes, rivers, or wetlands",,,,2019,,,
North Carolina ,,Harnett,Property Line,Meters,7.62,Harnett County Unified Dev. Ord. з 8.1.2,Greater of underlying zoning district setback or 25',,,,,,,
North Carolina ,,Harnett,Height ,Meters,7.62,Harnett County Unified Dev. Ord. з 8.1.2,,,,,,,,
North Carolina ,,Henderson,Property Line,Meters,6.096,Henderson County Code Ords. з 42-32.9.9,,,,,,,,
North Carolina ,,Henderson,Height ,Meters,7.62,Henderson County Code Ords. з 42-32.9.9,,,,,,,,
North Carolina ,,Hertford,Property Line,Meters,60.96,Hertford County Zoning Ord. з 5.02(C)(23),,,,,2021,,,
North Carolina ,,Hertford,Roads,Meters,60.96,Hertford County Zoning Ord. з 5.02(C)(23),,,,,2021,,,
North Carolina ,,Hertford,Highway,Meters,304.8,Hertford County Zoning Ord. з 5.02(C)(23),1000' setback from all NC scenic byways ,,,,2021,,,
North Carolina ,,Hertford,Height ,Meters,4.5,Hertford County Zoning Ord. з 5.02(C)(23),,,,,2021,,,
North Carolina ,,Iredell,Structures,Meters,152.4,Iredell County Land Dev. Code з 3.1-R65,500' to residential dwellings,,,,2020,,,
North Carolina ,,Iredell,Waters,Meters,30.48,Iredell County Land Dev. Code з 3.1-R65,"100' setback to ""perennial streams""",,,,2020,,,
North Carolina ,,Johnston ,Property Line,Meters,45.72,Johnston County Code Ords. з 14-123,,,,,2015,,,
North Carolina ,,Johnston ,Height ,Meters,3.65,Johnston County Code Ords. з 14-123,12' max height ,,,,2015,,,
North Carolina ,,Jones,Property Line,Meters,30.48,Jones County Solar Energy Ord. з 5,,,,,2019,,,
North Carolina ,,Jones,Roads,Meters,30.48,Jones County Solar Energy Ord. з 5,,,,,2019,,,
North Carolina ,,Lincoln,Property Line,Meters,15.24,Lincoln County Unified Dev. Ord. з 4.3.7,,,,,,,,
North Carolina ,,Lincoln,Height ,Meters,6.096,Lincoln County Unified Dev. Ord. з 4.3.7,,,,,,,,
North Carolina ,,Madison,Roads,Meters,15.24,Madison County Land Use Ord. з 8.9.3,,,,,2021,,,
North Carolina ,,Madison,Sound,dBA,40,Madison County Land Use Ord. з 8.9.3,,,,,2021,,,
North Carolina ,,Montgomery,Height ,Meters,6.096,Montgomery County Code Ords. з 3.5(A),,,,,2021,,,
North Carolina ,,Montgomery,Waters,Meters,15.24,Montgomery County Code Ords. з 3.5(A),"50' setback to ""perennial or intermittent waters""",,,,2021,,,
North Carolina ,,Moore,Property Line,Meters,15.24,Moore County Unified Dev. Ord. з 8.99,,,,,,,,
North Carolina ,,Moore,Roads,Meters,30.48,Moore County Unified Dev. Ord. з 8.99,,,,,,,,
North Carolina ,,Nash,Height ,Meters,7.62,Nash County Code Ords. з 11-4.72(a),,,,,,,,
North Carolina ,,Northampton,Property Line,Meters,15.24,Northampton County Zoning Ord. з 2-1(A)(13) ,,,,,2016,,,
North Carolina ,,Northampton,Roads,Meters,30.48,Northampton County Zoning Ord. з 2-1(A)(13) ,,,,,2016,,,
North Carolina ,,Onslow,Property Line,Meters,7.62,Onslow County Zoning Ord. з 9.12(K),,,,,,,,
North Carolina ,,Onslow,Roads,Meters,9.144,Onslow County Zoning Ord. з 9.12(K),,,,,,,,
North Carolina ,,Onslow,Structures,Meters,30.48,Onslow County Zoning Ord. з 9.12(K),,,,,,,,
North Carolina ,,Onslow,Height ,Meters,6.096,Onslow County Zoning Ord. з 9.12(K),,,,,,,,
North Carolina ,,Pamlico,Property Line,Meters,30.48,Pamlico County Solar Farm Ord. з 5,,,,,2017,,,
North Carolina ,,Pamlico,Roads,Meters,30.48,Pamlico County Solar Farm Ord. з 5,,,,,2017,,,
North Carolina ,,Pasquotank,Maximum Lot Size,Acres,1500,Pasquotank County Zoning Ord. з 9.03-27,,,,,2018,,,
North Carolina ,,Pasquotank,Waters,Meters,30.48,Pasquotank County Zoning Ord. з 9.03-27,"100' setback to lakes, wetlands, or streams/rivers",,,,2018,,,
North Carolina ,,Pasquotank,Height ,Meters,7.62,Pasquotank County Zoning Ord. з 9.03-27,,,,,2018,,,
North Carolina ,,Pasquotank,Highway,Meters,804.67,Pasquotank County Zoning Ord. з 9.03-27,"1/2 mile setback to ""Highway 17, Future I-87 and Halstead Boulevard Extended""",,,,2018,,,
North Carolina ,,Perquimans,Property Line,Meters,30.48,Perquimans County Zoning Ord. з 9.11.29,Greater of underlying zoning district setback or 100',,,,,,,
North Carolina ,,Perquimans,Maximum Lot Size,Acres,100,Perquimans County Zoning Ord. з 9.11.29,,,,,,,,
North Carolina ,,Perquimans,Waters,Meters,45.72,Perquimans County Zoning Ord. з 9.11.29,"150' setback to wetlands ""identified by state or federal agencies"" ",,,,,,,
North Carolina ,,Perquimans,Height ,Meters,4.5,Perquimans County Zoning Ord. з 9.11.29,,,,,,,,
North Carolina ,,Person,Structures,Meters,91.44,Person County Solar Energy Ord. з 2.2,,,,,2020,,,
North Carolina ,,Person,Height ,Meters,4.5,Person County Solar Energy Ord. з 2.2,,,,,2020,,,
North Carolina ,,Polk,Property Line,Meters,12.19,Polk County Zoning Ord. з 6.2.10,40' setback,,,,2012,,,
North Carolina ,,Polk,Structures,Meters,60.96,Polk County Zoning Ord. з 6.2.10,200' setback to offsite residences ,,,,2012,,,
North Carolina ,,Polk,Height ,Meters,3.65,Polk County Zoning Ord. з 6.2.10,,,,,2012,,,
North Carolina ,,Richmond,Minimum Lot Size,Acres,10,Richmond County Zoning Ord. з 6.10.14,,,,,,,,
North Carolina ,,Richmond,Roads,Meters,19.81,Richmond County Zoning Ord. з 6.10.14,65' setback,,,,,,,
North Carolina ,,Richmond,Height ,Meters,6.096,Richmond County Zoning Ord. з 6.10.14,,,,,,,,
North Carolina ,,Rockingham,Minimum Lot Size,Acres,10,Rockingham County Zoning Ord. з 9.11(gg),,,,,2017,,,
North Carolina ,,Rockingham,Property Line,Meters,30.48,Rockingham County Zoning Ord. з 9.11(gg),,,,,2017,,,
North Carolina ,,Rockingham,Height ,Meters,4.5,Rockingham County Zoning Ord. з 9.11(gg),,,,,2017,,,
North Carolina ,,Rowan,Property Line,Meters,15.24,Rowan County Zoning Ord. з 21-56(6)(c)(2),,,,,,,,
North Carolina ,,Rowan,Structures,Meters,30.48,Rowan County Zoning Ord. з 21-56(6)(c)(2),,,,,,,,
North Carolina ,,Rowan,Roads,Meters,15.24,Rowan County Zoning Ord. з 21-56(6)(c)(2),,,,,,,,
North Carolina ,,Vance,Property Line,Meters,15.24,Vance County Code Ords. з 156-089(O),,,,,2019,,,
North Carolina ,,Vance,Roads,Meters,30.48,Vance County Code Ords. з 156-089(O),,,,,2019,,,
North Carolina ,,Vance,Height ,Meters,7.62,Vance County Code Ords. з 156-089(O),,,,,2019,,,
North Carolina ,,Vance,Sound,dBA,50,Vance County Code Ords. з 156-089(O),,,,,2019,,,
North Carolina ,,Warren,Property Line,Meters,15.24,Warren County Zoning Ord. з 1(H)25,,,,,,,,
North Carolina ,,Warren,Height ,Meters,4.5,Warren County Zoning Ord. з 1(H)25,,,,,,,,
North Carolina ,,Washington,Property Line,Meters,22.86,Washington County Zoning Ord. з 13.9,75' setback,,,,2021,,,
North Carolina ,,Washington,Structures,Meters,91.44,Washington County Zoning Ord. з 13.9,,,,,2021,,,
North Carolina ,,Washington,Height ,Meters,4.5,Washington County Zoning Ord. з 13.10,,,,,2021,,,
North Carolina ,,Wayne,Structures,Meters,30.48,Wayne County Solar Energy Ord. з 5,,,,,2014,,,
North Carolina ,,Wayne,Roads,Meters,18.28,Wayne County Solar Energy Ord. з 5,,,,,2014,,,
North Carolina ,,Yadkin,Roads,Meters,38.1,Yadkin County Zoning Ord. з 9.5,125' setback,,,,2021,,,
North Carolina ,,Yadkin,Highway,Meters,15.24,Yadkin County Zoning Ord. з 9.5,,,,,2021,,,
North Carolina ,,Yadkin,Structures,Meters,91.44,Yadkin County Zoning Ord. з 9.5,,,,,2021,,,
North Dakota,,Barnes,Property Line,Meters,30.48,Barnes county development code7.1.3 ,,,,,,,,
North Dakota,,Barnes,Roads,Meters,60.96,Barnes county development code7.1.3 ,,,,,,,,
North Dakota,,Divide,Property Line,Meters,30.48,7.13 Solar Energy Facilities ,,,,,,,,
North Dakota,,Divide,Roads,Meters,76.2,7.13 Solar Energy Facilities ,,,,,,,,
Oregon,,Baker,Structures,Meters,402.33,Baker County Zoning Ord. з 760.03(E)(4),1320 foot setback to dwellings ,,,,2021,,,
Pennsylvania,,Clarion,Minimum Lot Size,Acres,1,Clarion County Solar Energy Ord. з 3(B),,,,,2021,,,
Pennsylvania,,Clarion,Height ,Meters,4.5,Clarion County Solar Energy Ord. з 3(B),,,,,2021,,,
Pennsylvania,,Luzerne,Property Line,Meters,30.48,Luzerne County Subdiv. & Land use Ord. з 543.3,,,,,2021,,,
Pennsylvania,,Luzerne,Roads,Meters,152.4,Luzerne County Subdiv. & Land use Ord. з 543.3,,,,,2021,,,
Pennsylvania,,Luzerne,Minimum Lot Size,Acres,10,Luzerne County Subdiv. & Land use Ord. з 543.6,,,,,2021,,,
Pennsylvania,,Montour,Sound,dBA,55,Montour County Ord. 1-2021 з 3.2,,,,,2021,,,
Pennsylvania,,Montour,Structures,Meters,15.24,Montour County Ord. 1-2021 з 3.2,,,,,2021,,,
Pennsylvania,,Montour,Height ,Meters,4.5,Montour County Ord. 1-2021 з 3.2,,,,,2021,,,
South Carolina,,Abbeville,Roads,Meters,15.24,code of odrinances 3.23 Solar farms ,,,,,,,,
South Carolina,,Abbeville,Property Line,Meters,30.48,code of odrinances 3.23 Solar farms ,,,,,,,,
South Carolina,,Abbeville,Height ,Meters,6.096,code of odrinances 3.23 Solar farms ,,,,,,,,
South Carolina,,Calhoun,Structures,Meters,152.4,Code of ordinances sec 5-124,,,,,,,,
South Carolina,,Calhoun,Roads,Meters,15.24,Code of ordinances sec 5-124,,,,,,,,
South Carolina,,Calhoun,Height ,Meters,6.096,Code of ordinances sec 5-124,,,,,,,,
South Carolina,,Chester,Height ,Meters,7.62,Article VII Solar Farm ,,,,,,,,
South Carolina,,Darlington,Minimum Lot Size,Acres,1,Darlington County Code of Ordinances 19-4,,,,,,,,
South Carolina,,Darlington,Maximum Project Size,Megawatt,75,Darlington County Code of Ordinances 19-4,,,,,,,,
South Carolina,,Darlington,Structures,Meters,60.96,Darlington County Code of Ordinances 19-4,,,,,,,,
South Carolina,,Darlington,Property Line,Meters,15.24,Darlington County Code of Ordinances 19-4,,,,,,,,
South Carolina,,Edgefield,Height ,Meters,6.096,Sec. 24-84. - Solar panels,,,,,,,,
South Carolina,,Georgetown,Minimum Lot Size,Acres,3,art XX 2004,,,,,,,,
South Carolina,,Georgetown,Height ,Meters,4.572,art XX 2004,,,,,,,,
South Carolina,,Kershaw,Roads,Meters,30.48,"Zoning & Land Development Regulations Article 3, Section 3.3",,,,,,,,
South Carolina,,Kershaw,Property Line,Meters,30.48,"Zoning & Land Development Regulations Article 3, Section 3.3",,,,,,,,
South Carolina,,Kershaw,Height ,Meters,4.572,"Zoning & Land Development Regulations Article 3, Section 3.3",,,,,,,,
South Carolina,,Lancaster,Roads,Meters,15.24,5.11.4 solar farms ,,,,,,,,
South Carolina,,Lancaster,Structures,Meters,45.72,5.11.4 solar farms ,,,,,,,,
South Carolina,,Lancaster,Sound,dBA,45,5.11.4 solar farms ,,,,,,,,
South Carolina,,Marlboro,Height ,Meters,7.62,Ordinance 818 - Conditions for Solar Energy Systems,,,,,,,,
South Carolina,,Marlboro,Structures,Meters,121.92,Ordinance 818 - Conditions for Solar Energy Systems,,,,,,,,
South Carolina,,Marlboro,Property Line,Meters,30.48,Ordinance 818 - Conditions for Solar Energy Systems,,,,,,,,
South Carolina,,Newberry ,Roads,Meters,30.48,153.124 аSolar farm ,,,,,,,,
South Carolina,,Newberry ,Property Line,Meters,30.48,153.124 аSolar farm ,,,,,,,,
South Carolina,,Newberry ,Height ,Meters,6.096,153.124 аSolar farm ,,,,,,,,
South Dakota,,McCook,Property Line,Meters,15.24,McCook County Zoning Regs. з 11.19(G),,,,,2020,,,
South Dakota,,McCook,Roads,Meters,15.24,McCook County Zoning Regs. з 11.19(G),,,,,2020,,,
South Dakota,,McCook,Height ,Meters,4.5,McCook County Zoning Regs. з 11.19(G),,,,,2020,,,
South Dakota,,Pennington,Minimum Lot Size,Acres,5,Pennington County Zoning Ord. з 317(A)(7),,,,,2017,,,
South Dakota,,Pennington,Property Line,Maximum Structure Height,1.5,Pennington County Zoning Ord. з 317(A)(7),Greater of 25' setback or 1.5x max structure height ,,,,2017,,,
South Dakota,,Pennington,Structures,Meters,30.48,Pennington County Zoning Ord. з 317(A)(7),,,,,2017,,,
South Dakota,,Pennington,Roads,Maximum Structure Height,1.5,Pennington County Zoning Ord. з 317(A)(7),,,,,2017,,,
South Dakota,,Pennington,Sound,dBA,55,Pennington County Zoning Ord. з 317(A)(7),,,,,2017,,,
Tennessee,,Fayette,Property Line,Meters,9.14,Fayette County Zoning Res. з 13,,,,,2021,,,
Tennessee,,Fayette,Minimum Lot Size,Acres,150,Fayette County Zoning Res. з 13,,,,,2021,,,
Tennessee,,Fayette,Roads,Meters,152.4,Fayette County Zoning Res. з 13,,,,,2021,,,
Tennessee,,Fayette,Structures,Meters,152.4,Fayette County Zoning Res. з 13,500' setback to existing residences ,,,,2021,,,
Tennessee,,Greene,Property Line,Meters,15.24,Greene County Zoning Ord. з 601.1S(3),,,,,2020,,,
Tennessee,,Haywood,Minimum Lot Size,Acres,100,Haywood County Zoning Res. з 9.02(D),,,,,2021,,,
Tennessee,,Haywood,Structures,Meters,152.4,Haywood County Zoning Res. з 9.02(D),,,,,2021,,,
Tennessee,,Jefferson,Property Line,Meters,9.14,Jefferson County Zoning Res. з 7.9,,,,,2016,,,
Tennessee,,Shelby,Property Line,Maximum Structure Height,1.1,Shelby County Unified Dev. Code 2.6.2(2),,,,,,,,
Tennessee,,Washington,Minimum Lot Size,Acres,3,Washington County Zoning Res. з 516.1.1,,,,,2018,,,
Tennessee,,Washington,Property Line,Meters,15.24,Washington County Zoning Ord. з 516.1.1,,,,,2018,,,
Tennessee,,Washington,Height ,Meters,6.096,Washington County Zoning Ord. з 516.1.1,,,,,2018,,,
Texas,San Antonio,,Height ,Meters,4,San Antonio Unified Dev. Code з 35-398(b),,,,,2010,,,
Texas,San Antonio,,Property Line,Meters,9.14,San Antonio Unified Dev. Code з 35-398(b),,,,,2010,,,
Utah,,Duchesne ,Minimum Lot Size,Acres,5,Duchesne County Zoning Ord. з 8-9-15.3,,,,,2018,,,
Utah,,Duchesne ,Height ,Meters,9.14,Duchesne County Zoning Ord. з 8-9-15.3,,,,,2018,,,
Utah,,Duchesne ,Property Line,Meters,9.14,Duchesne County Zoning Ord. з 8-9-15.3,,,,,2018,,,
Utah,,Duchesne ,Roads,Meters,9.14,Duchesne County Zoning Ord. з 8-9-15.3,,,,,2018,,,
Utah,,Duchesne ,Structures,Meters,30.48,Duchesne County Zoning Ord. з 8-9-15.3,,,,,2018,,,
Utah,,Duchesne ,Sound,dBA,50,Duchesne County Zoning Ord. з 8-9-15.3,,,,,2018,,,
Utah,,Iron ,Minimum Lot Size,Acres,5,Iron County Code Ords. з 17.33.030,,,,,2010,,,
Utah,,Iron ,Height ,Meters,9.14,Iron County Code Ords. з 17.33.030,,,,,2010,,,
Utah,,Iron ,Property Line,Meters,9.14,Iron County Code Ords. з 17.33.030,,,,,2010,,,
Utah,,Iron ,Roads,Meters,9.14,Iron County Code Ords. з 17.33.030,,,,,2010,,,
Utah,,Iron ,Structures,Meters,30.48,Iron County Code Ords. з 17.33.030,,,,,2010,,,
Utah,,Iron ,Sound,dBA,50,Iron County Code Ords. з 17.33.030,,,,,2010,,,
Utah,,Kane,Property Line,Maximum Structure Height,1.5,Kane County Code Ords. з 9-24-3,,,,,2013,,,
Utah,,Kane,Roads,Maximum Structure Height,1.5,Kane County Code Ords. з 9-24-3,,,,,2013,,,
Utah,,Kane,Structures,Meters,804,Kane County Code Ords. з 9-24-3,1/2 mile setback to any inhabitable structure,,,,2013,,,
Utah,,Kane,Sound,dBA,65/50,Kane County Code Ords. з 9-24-3,65 db at property line; 50 db at nearest residence ,,,,2013,,,
Virginia,,Alleghany ,Property Line,Meters,7.62,Sec. 66-755. - Development standards for utility-scale solar generation facilities,,,,,,,,
Virginia,,Alleghany ,Roads,Meters,22.86,Sec. 66-755. - Development standards for utility-scale solar generation facilities,,,,,,,,
Virginia,,Alleghany ,Structures,Meters,22.86,Sec. 66-755. - Development standards for utility-scale solar generation facilities,,,,,,,,
Virginia,,Alleghany ,Height ,Meters,6.096,Sec. 66-755. - Development standards for utility-scale solar generation facilities,,,,,,,,
Virginia,,Amelia,Structures,Meters,15.24,Amelia County Land Use. Ords. з 325-34.2,,,,,,,,
Virginia,,Amelia,Height ,Meters,7.62,Amelia County Land Use. Ords. з 325-34.2,,,,,,,,
Virginia,,Amelia,Density,Percentage,3%,Amelia County Land Use. Ords. з 325-34.2,No more than 3% of the land area in any given five-mile radius shall be approved for use as the project area for utility-scale solar energy systems.,,,,,,,
Virginia,,Amelia,Sound,dBA,50,Amelia County Land Use. Ords. з 325-34.2,,,,,,,,
Virginia,,Amherst ,Property Line,Meters,45.72,923. - Solar generation facilities. Zoning code,,,,,,,,
Virginia,,Amherst ,Height ,Meters,6.096,923. - Solar generation facilities. Zoning code,,,,,,,,
Virginia,,Appomattox,Property Line,Meters,152.4,chapt. 19.6 zoning,,,,,,,,
Virginia,,Augusta,Height ,Meters,4.572,Augusta County Zoning Ord. за25-70.8,,,,,2021,,,
Virginia,,Augusta,Sound,dBA,60,Augusta County Zoning Ord. з 25-70.8,,,,,2021,,,
Virginia,,Augusta,Property Line,Meters,60.96,Augusta County Zoning Ord. з 25-70.8,,,,,2021,,,
Virginia,,Brunswick,Total Installation Size,Acres,8500,ARTICLE 23. - SOLAR FACILITIES,,,,,,,,
Virginia,,Brunswick,Structures,Meters,76.2,ARTICLE 23. - SOLAR FACILITIES,,,,,,,,
Virginia,,Brunswick,Property Line,Meters,45.72,ARTICLE 23. - SOLAR FACILITIES,,,,,,,,
Virginia,,Brunswick,Height ,Meters,4.572,ARTICLE 23. - SOLAR FACILITIES,,,,,,,,
Virginia,,Caroline,Density ,Meters,1609,Caroline County Zoning Ord. з 23.9,Minimum spacing between solar plants is 1-mile,,,,2021,,,
Virginia,,Caroline,Roads,Meters,152.4,Caroline County Zoning Ord. з 23.9,,,,,2021,,,
Virginia,,Caroline,Structures,Meters,152.4,Caroline County Zoning Ord. з 23.9,,,,,2021,,,
Virginia,,Caroline,Height ,Meters,4.572,Caroline County Zoning Ord. з 23.9,,,,,2021,,,
Virginia,,Charlotte,Roads,Meters,38.1,sec 10-23 solar energy systems ,,,,,,,,
Virginia,,Charlotte,Property Line,Meters,22.86,sec 10-23 solar energy systems ,,,,,,,,
Virginia,,Charlotte,Structures,Meters,121.92,sec 10-23 solar energy systems ,,,,,,,,
Virginia,,Charlotte,Height ,Meters,7.62,sec 10-23 solar energy systems ,,,,,,,,
Virginia,,Charlotte,Sound,dBA,50,sec 10-23 solar energy systems ,,,,,,,,
Virginia,,Clarke,Minimum Lot Size,Acres,20,3-C-2-gg Solar Power Plant,,,,,,,,
Virginia,,Clarke,Sound,dBA,65,3-C-2-gg Solar Power Plant,,,,,,,,
Virginia,,Dinwiddle,Height ,Meters,5.4864,Division 18 Utility scale solar energy district,,,,,,,,
Virginia,,Gloucester,Height ,Meters,6.096,Sec. 9-28. - Solar energy facilities.,,,,,,,,
Virginia,,Greensville,Total Installation Size,Acres,7600,Art 24 solar facilities,,,,,,,,
Virginia,,Greensville,Density,Meters,2414,Art 24 solar facilities,Minimum spacing between solar plants is 1.5-miles,,,,,,,
Virginia,,Greensville,Maximum Project Size,Acres,988.5,Art 24 solar facilities,"Maximum plant size is 1,000 acres",,,,,,,
Virginia,,Greensville,Coverage,Percentage,75,Art 24 solar facilities,No more than 75% coverage for single project  ,,,,,,,
Virginia,,Greensville,Height ,Meters,4.572,Art 24 solar facilities,,,,,,,,
Virginia,,Halifax,Property Line,Meters,7.62,Art VII solar energy facilities ,,,,,,,,
Virginia,,Halifax,Roads,Meters,22.86,Art VII solar energy facilities ,,,,,,,,
Virginia,,Halifax,Structures,Meters,22.86,Art VII solar energy facilities ,,,,,,,,
Virginia,,Halifax,Height ,Meters,6.096,Art VII solar energy facilities ,,,,,,,,
Virginia,,Henry,Roads,Meters,30.48,Art XVIII solar energy facilities,,,,,,,,
Virginia,,Henry,Property Line,Meters,15.24,Art XVIII solar energy facilities,,,,,,,,
Virginia,,Henry,Height ,Meters,6.096,Art XVIII solar energy facilities,,,,,,,,
Virginia,,Highland,Height ,Meters,4.572,715.03 Utility-scale Solar Energy System,,,,,,,,
Virginia,,Highland,Sound,dBA,60,715.03 Utility-scale Solar Energy System,,,,,,,,
Virginia,,Highland,Property Line,Meters,60.96,715.03 Utility-scale Solar Energy System,,,,,,,,
Virginia,,Highland,Maximum lot size,Acres,400,715.03 Utility-scale Solar Energy System,,,,,,,,
Virginia,,Highland,Coverage,Percentage,65,715.03 Utility-scale Solar Energy System,No more than 65% coverage for single project,,,,,,,
Virginia,,Highland,Density,Meters,3218,715.03 Utility-scale Solar Energy System, Minimum spacing between solar plants is 2-miles.,,,,,,,
Virginia,,King George,Height ,Meters,4.572,Sec. 4.16. - Solar farm.,,,,,,,,
Virginia,,King Williams ,Minimum Lot Size,Acres,100,ARTICLE XVI: SOLAR FACILITIES ,,,,,,,,
Virginia,,King Williams ,maximum lot size,Acres,1500,ARTICLE XVI: SOLAR FACILITIES ,,,,,,,,
Virginia,,King Williams ,Property Line,Meters,60.96,ARTICLE XVI: SOLAR FACILITIES ,,,,,,,,
Virginia,,King Williams ,Roads,Meters,152.4,ARTICLE XVI: SOLAR FACILITIES ,,,,,,,,
Virginia,,King Williams ,Height ,Meters,3.048,ARTICLE XVI: SOLAR FACILITIES ,,,,,,,,
Virginia,,Lancaster,Property Line,Meters,30.48,28-5. - Utility Scale Solar.,,,,,,,,
Virginia,,Lancaster,Highway,Meters,76.2,28-5. - Utility Scale Solar.,,,,,,,,
Virginia,,Lancaster,Roads,Meters,22.86,28-5. - Utility Scale Solar.,,,,,,,,
Virginia,,Lancaster,Height ,Meters,4.572,28-5. - Utility Scale Solar.,,,,,,,,
Virginia,,Lancaster,Sound,dBA,65,28-5. - Utility Scale Solar.,,,,,,,,
Virginia,,Louisa,Roads,Meters,45.72,Sec. 86-393. Ц Processing and performance standards for utility-scale solar generation facilities.,,,,,,,,
Virginia,,Louisa,Structures,Meters,45.72,Sec. 86-393. Ц Processing and performance standards for utility-scale solar generation facilities.,,,,,,,,
Virginia,,Louisa,Height ,Meters,6.096,Sec. 86-393. Ц Processing and performance standards for utility-scale solar generation facilities.,,,,,,,,
Virginia,,Northampton,Sound,dBA,60,з 154.2.178а SOLAR ENERGY DISTRICT,,,,,,,,
Virginia,,Northampton,Lankford Highway,Meters,30.48,з 154.2.178а SOLAR ENERGY DISTRICT,,,,,,,,
Virginia,,Northampton,Roads,Meters,18.288,з 154.2.178а SOLAR ENERGY DISTRICT,,,,,,,,
Virginia,,Northampton,Property Line,Meters,15.24,з 154.2.178а SOLAR ENERGY DISTRICT,,,,,,,,
Virginia,,Northumberland,Property Line,Meters,7.62,sec 148-155 solar energy facilities,,,,,,,,
Virginia,,Nottoway,Height ,Meters,7.62,sec. 1-19-4 development standards for solar energy uses,,,,,,,,
Virginia,,Pittsylvania ,Height ,Meters,4.572,SEC. 35-141. SOLAR ENERGY FACILITIES. ,,,,,,,,
Virginia,,Pittsylvania ,Property Line,Meters,45.72,SEC. 35-141. SOLAR ENERGY FACILITIES. ,,,,,,,,
Virginia,,Pittsylvania ,Density,Meters,1609,SEC. 35-141. SOLAR ENERGY FACILITIES. ,Minimum spacing between solar plants is 1-mile.,,,,,,,
Virginia,,Prince Edward,Sound,dBA,50,Prince Edward County Code Ords. appdx. B з 7-110,,,,,,,,
Virginia,,Prince Edward,Property Line,Meters,15.24,Prince Edward County Code Ords. appdx. B з 7-110,,,,,2020,,,
Virginia,,Prince Edward,Roads,Meters,22.86,Prince Edward County Code Ords. appdx. B з 7-110,,,,,2020,,,
Virginia,,Prince Edward,Height ,Meters,6.096,Prince Edward County Code Ords. appdx. B з 7-110,,,,,2020,,,
Virginia,,Prince Edward,Coverage,Percentage,5.5,Prince Edward County Code Ords. appdx. B з 7-110,No more than 5.5% of land within 5-mile radius should be used for solar farm,,,,2020,,,
Virginia,,Prince George,Roads,Meters,15.24,Prince George County Zoning Ord. з 90-16,,,,,,,,
Virginia,,Richmond,Sound,dBA,65,"4-21 аSOLAR POWER FACILITY, LARGE PHOTOVOLTAIC ",,,,,,,,
Virginia,,Roanoke,Height ,Meters,4.572,Sec. 30-100-13. - Solar energy systems.,,,,,,,,
Virginia,,Rockingham,Height ,Meters,7.62,sec. 17-607,,,,,,,,
Virginia,,Shenandoah,Sound,dBA,65,Art XXII Solar facilities,,,,,,,,
Virginia,,Southampton,Height ,Meters,5.4864,Sec. 18-4309.,,,,,,,,
Virginia,,Southampton,Minimum Lot Size,Acres,20,Sec. 18-4309.,,,,,,,,
Virginia,,Southampton,maximum lot size,Acres,1000,Sec. 18-4309.,,,,,,,,
Washington,,Asotin ,Property Line,Meters,60.96,Asotin County Zoning Ord. з 17.08.070,,,,,,,,
Washington,,Asotin ,Structures,Meters,60.96,Asotin County Zoning Ord. з 17.08.070,,,,,,,,
Washington,,Grant,Banned,n/a,,Grant County Ord. No. 21-080-CC,Six month moratorium beginning in august 2021(County is re-writing its regs),,,,2021,,,
Washington,,Kittitas,Property Line,Meters,7.62,Kittitas County Zoning Ord. з 17.61C.090,,,,,2018,,,
Washington,,Kittitas,Height ,Meters,6.09,Kittitas County Zoning Ord. з 17.61C.090,,,,,2018,,,
Washington,,Klickitat,Structures,Meters,152.4 - 457.2,Klickitat County Code Ords. з 19.39:8 ,Range of setbacks ranging from 500-1500 feet based on geographic factors ,,,,2010,,,
Wisconsin ,,Green,Property Line,Meters,4.5,Green County Zoning Regs. з 4-12-3(B),15' setback from property line + underlying district regulation ,,,,,,,
Wisconsin ,,Green ,Height ,Meters,10.66,Green County Zoning Regs. з 4-12-3(B),35' max height ,,,,,,,
Wisconsin ,,Walworth ,Property Line,Meters,15.24,Walworth County Code Ords. з  65-121,,,,,,,,
Wisconsin ,,Waushara,Property Line,Meters,15.24,Waushara County Zoning Ord. з  58-236 ,,,,,2020,,,
Wyoming,,Albany,Structures,Meters,91.44,8. Setbacks for Solar Energy Facilities. ,,,,,,,,
Wyoming,,Albany,Roads,Meters,60.96,8. Setbacks for Solar Energy Facilities. ,,,,,,,,
Wyoming,,Albany,Property Line,Meters,30.48,8. Setbacks for Solar Energy Facilities. ,,,,,,,,
Wyoming,,Converse,Structures,Meters,91.44,W.S. 18-5-504 ,,,,,,,,
Wyoming,,Converse,Roads,Meters,60.96,W.S. 18-5-504 ,,,,,,,,
Wyoming,,Converse,Property Line,Meters,30.48,W.S. 18-5-504 ,,,,,,,,
Wyoming,,Sheridan,Structures,Meters,91.44,RULES AND REGULATIONS GOVERNING THE PERMITING OF COMMERICIAL SOLAR ENERGY FACILITIES,,,,,,,,
Wyoming,,Sheridan,Roads,Meters,60.96,RULES AND REGULATIONS GOVERNING THE PERMITING OF COMMERICIAL SOLAR ENERGY FACILITIES,,,,,,,,
Wyoming,,Sheridan,Property Line,Meters,30.48,RULES AND REGULATIONS GOVERNING THE PERMITING OF COMMERICIAL SOLAR ENERGY FACILITIES,,,,,,,,
Wyoming,,Sheridan,Height ,Meters,4.572,RULES AND REGULATIONS GOVERNING THE PERMITING OF COMMERICIAL SOLAR ENERGY FACILITIES,,,,,,,,
Wyoming,,Sweetwater,Coverage,Percentage,10,Sec 11. Solar Energy System Ц On-Site,coverage cannot exceed 10 % of the lot ,,,,,,,
Wyoming,,Sweetwater,Height ,Meters,4.572,Sec 11. Solar Energy System Ц On-Site,,,,,,,,
,,,,,,,,,,,,,,
,,,,,,,,,,,,,,
,,,,,,,,,,,,,,
,,,,,,,,,,,,,,
,,,,,,,,,,,,,,
,,,,,,,,,,,,,,
,,,,,,,,,,,,,,
,,,,,,,,,,,,,,
,,,,,,,,,,,,,,
,,,,,,,,,,,,,,
,,,,,,,,,,,,,,
,,,,,,,,,,,,,,
,,,,,,,,,,,,,,
,,,,,,,,,,,,,,
,,,,,,,,,,,,,,
,,,,,,,,,,,,,,
,,,,,,,,,,,,,,
,,,,,,,,,,,,,,
,,,,,,,,,,,,,,
,,,,,,,,,,,,,,
,,,,,,,,,,,,,,
,,,,,,,,,,,,,,
,,,,,,,,,,,,,,
,,,,,,,,,,,,,,
,,,,,,,,,,,,,,
,,,,,,,,,,,,,,
,,,,,,,,,,,,,,
,,,,,,,,,,,,,,
,,,,,,,,,,,,,,
,,,,,,,,,,,,,,
,,,,,,,,,,,,,,
,,,,,,,,,,,,,,
,,,,,,,,,,,,,,
,,,,,,,,,,,,,,
,,,,,,,,,,,,,,
,,,,,,,,,,,,,,
,,,,,,,,,,,,,,
,,,,,,,,,,,,,,
,,,,,,,,,,,,,,
,,,,,,,,,,,,,,
,,,,,,,,,,,,,,
,,,,,,,,,,,,,,
,,,,,,,,,,,,,,
,,,,,,,,,,,,,,
,,,,,,,,,,,,,,
,,,,,,,,,,,,,,
,,,,,,,,,,,,,,
,,,,,,,,,,,,,,
,,,,,,,,,,,,,,
,,,,,,,,,,,,,,
,,,,,,,,,,,,,,
,,,,,,,,,,,,,,
,,,,,,,,,,,,,,
,,,,,,,,,,,,,,
,,,,,,,,,,,,,,
,,,,,,,,,,,,,,
,,,,,,,,,,,,,,
,,,,,,,,,,,,,,
,,,,,,,,,,,,,,
,,,,,,,,,,,,,,
,,,,,,,,,,,,,,
,,,,,,,,,,,,,,
,,,,,,,,,,,,,,
,,,,,,,,,,,,,,
,,,,,,,,,,,,,,
,,,,,,,,,,,,,,
,,,,,,,,,,,,,,
,,,,,,,,,,,,,,
,,,,,,,,,,,,,,
,,,,,,,,,,,,,,
,,,,,,,,,,,,,,
,,,,,,,,,,,,,,
,,,,,,,,,,,,,,
,,,,,,,,,,,,,,
,,,,,,,,,,,,,,
,,,,,,,,,,,,,,
,,,,,,,,,,,,,,
,,,,,,,,,,,,,,
,,,,,,,,,,,,,,
,,,,,,,,,,,,,,
,,,,,,,,,,,,,,
,,,,,,,,,,,,,,
,,,,,,,,,,,,,,
,,,,,,,,,,,,,,
,,,,,,,,,,,,,,
,,,,,,,,,,,,,,
,,,,,,,,,,,,,,
,,,,,,,,,,,,,,
,,,,,,,,,,,,,,
,,,,,,,,,,,,,,
,,,,,,,,,,,,,,
,,,,,,,,,,,,,,
,,,,,,,,,,,,,,
,,,,,,,,,,,,,,
,,,,,,,,,,,,,,
,,,,,,,,,,,,,,
,,,,,,,,,,,,,,
,,,,,,,,,,,,,,
,,,,,,,,,,,,,,
,,,,,,,,,,,,,,
,,,,,,,,,,,,,,
,,,,,,,,,,,,,,
,,,,,,,,,,,,,,
,,,,,,,,,,,,,,
,,,,,,,,,,,,,,
,,,,,,,,,,,,,,
,,,,,,,,,,,,,,
,,,,,,,,,,,,,,
,,,,,,,,,,,,,,
,,,,,,,,,,,,,,
,,,,,,,,,,,,,,
,,,,,,,,,,,,,,
,,,,,,,,,,,,,,
,,,,,,,,,,,,,,
,,,,,,,,,,,,,,
,,,,,,,,,,,,,,
,,,,,,,,,,,,,,
,,,,,,,,,,,,,,
,,,,,,,,,,,,,,
,,,,,,,,,,,,,,
,,,,,,,,,,,,,,
,,,,,,,,,,,,,,
,,,,,,,,,,,,,,
,,,,,,,,,,,,,,
,,,,,,,,,,,,,,
,,,,,,,,,,,,,,
,,,,,,,,,,,,,,
,,,,,,,,,,,,,,
,,,,,,,,,,,,,,
,,,,,,,,,,,,,,
,,,,,,,,,,,,,,
,,,,,,,,,,,,,,
,,,,,,,,,,,,,,
,,,,,,,,,,,,,,
,,,,,,,,,,,,,,
,,,,,,,,,,,,,,
,,,,,,,,,,,,,,
,,,,,,,,,,,,,,
,,,,,,,,,,,,,,
,,,,,,,,,,,,,,
,,,,,,,,,,,,,,
,,,,,,,,,,,,,,
,,,,,,,,,,,,,,
,,,,,,,,,,,,,,
,,,,,,,,,,,,,,
,,,,,,,,,,,,,,
,,,,,,,,,,,,,,
,,,,,,,,,,,,,,
,,,,,,,,,,,,,,
,,,,,,,,,,,,,,
,,,,,,,,,,,,,,
,,,,,,,,,,,,,,
,,,,,,,,,,,,,,
,,,,,,,,,,,,,,
,,,,,,,,,,,,,,
,,,,,,,,,,,,,,
,,,,,,,,,,,,,,
,,,,,,,,,,,,,,
,,,,,,,,,,,,,,
,,,,,,,,,,,,,,
,,,,,,,,,,,,,,
,,,,,,,,,,,,,,
,,,,,,,,,,,,,,
,,,,,,,,,,,,,,
,,,,,,,,,,,,,,
,,,,,,,,,,,,,,
,,,,,,,,,,,,,,
,,,,,,,,,,,,,,
,,,,,,,,,,,,,,
,,,,,,,,,,,,,,
,,,,,,,,,,,,,,
,,,,,,,,,,,,,,
,,,,,,,,,,,,,,
,,,,,,,,,,,,,,
,,,,,,,,,,,,,,
,,,,,,,,,,,,,,
,,,,,,,,,,,,,,
,,,,,,,,,,,,,,
,,,,,,,,,,,,,,
,,,,,,,,,,,,,,
,,,,,,,,,,,,,,
,,,,,,,,,,,,,,
,,,,,,,,,,,,,,
,,,,,,,,,,,,,,
,,,,,,,,,,,,,,
,,,,,,,,,,,,,,
,,,,,,,,,,,,,,
,,,,,,,,,,,,,,
,,,,,,,,,,,,,,
,,,,,,,,,,,,,,
,,,,,,,,,,,,,,
,,,,,,,,,,,,,,
,,,,,,,,,,,,,,
,,,,,,,,,,,,,,
,,,,,,,,,,,,,,
,,,,,,,,,,,,,,
,,,,,,,,,,,,,,
,,,,,,,,,,,,,,
,,,,,,,,,,,,,,
,,,,,,,,,,,,,,
,,,,,,,,,,,,,,
,,,,,,,,,,,,,,
,,,,,,,,,,,,,,
,,,,,,,,,,,,,,
,,,,,,,,,,,,,,
,,,,,,,,,,,,,,
,,,,,,,,,,,,,,
,,,,,,,,,,,,,,
,,,,,,,,,,,,,,
,,,,,,,,,,,,,,
,,,,,,,,,,,,,,
,,,,,,,,,,,,,,
,,,,,,,,,,,,,,
,,,,,,,,,,,,,,
,,,,,,,,,,,,,,
,,,,,,,,,,,,,,
,,,,,,,,,,,,,,
,,,,,,,,,,,,,,
,,,,,,,,,,,,,,
,,,,,,,,,,,,,,
,,,,,,,,,,,,,,
,,,,,,,,,,,,,,
,,,,,,,,,,,,,,
,,,,,,,,,,,,,,
,,,,,,,,,,,,,,
,,,,,,,,,,,,,,
,,,,,,,,,,,,,,
,,,,,,,,,,,,,,
,,,,,,,,,,,,,,
,,,,,,,,,,,,,,
,,,,,,,,,,,,,,
,,,,,,,,,,,,,,
,,,,,,,,,,,,,,
,,,,,,,,,,,,,,
,,,,,,,,,,,,,,
,,,,,,,,,,,,,,
,,,,,,,,,,,,,,
,,,,,,,,,,,,,,
,,,,,,,,,,,,,,
,,,,,,,,,,,,,,
,,,,,,,,,,,,,,
,,,,,,,,,,,,,,
,,,,,,,,,,,,,,
,,,,,,,,,,,,,,
,,,,,,,,,,,,,,
,,,,,,,,,,,,,,
,,,,,,,,,,,,,,
,,,,,,,,,,,,,,
,,,,,,,,,,,,,,
,,,,,,,,,,,,,,
,,,,,,,,,,,,,,
,,,,,,,,,,,,,,
,,,,,,,,,,,,,,
,,,,,,,,,,,,,,
,,,,,,,,,,,,,,
,,,,,,,,,,,,,,
,,,,,,,,,,,,,,
,,,,,,,,,,,,,,
,,,,,,,,,,,,,,
,,,,,,,,,,,,,,
,,,,,,,,,,,,,,
,,,,,,,,,,,,,,
,,,,,,,,,,,,,,
,,,,,,,,,,,,,,
,,,,,,,,,,,,,,
,,,,,,,,,,,,,,
,,,,,,,,,,,,,,
,,,,,,,,,,,,,,
,,,,,,,,,,,,,,
,,,,,,,,,,,,,,
,,,,,,,,,,,,,,
,,,,,,,,,,,,,,
,,,,,,,,,,,,,,
,,,,,,,,,,,,,,
,,,,,,,,,,,,,,
,,,,,,,,,,,,,,
,,,,,,,,,,,,,,
,,,,,,,,,,,,,,
,,,,,,,,,,,,,,
,,,,,,,,,,,,,,
,,,,,,,,,,,,,,
,,,,,,,,,,,,,,
,,,,,,,,,,,,,,
,,,,,,,,,,,,,,
,,,,,,,,,,,,,,
,,,,,,,,,,,,,,
,,,,,,,,,,,,,,
,,,,,,,,,,,,,,
,,,,,,,,,,,,,,
,,,,,,,,,,,,,,
,,,,,,,,,,,,,,
,,,,,,,,,,,,,,
,,,,,,,,,,,,,,
,,,,,,,,,,,,,,
,,,,,,,,,,,,,,
,,,,,,,,,,,,,,
,,,,,,,,,,,,,,
,,,,,,,,,,,,,,
,,,,,,,,,,,,,,
,,,,,,,,,,,,,,
,,,,,,,,,,,,,,
,,,,,,,,,,,,,,
,,,,,,,,,,,,,,
,,,,,,,,,,,,,,
,,,,,,,,,,,,,,
,,,,,,,,,,,,,,
,,,,,,,,,,,,,,
,,,,,,,,,,,,,,
,,,,,,,,,,,,,,
,,,,,,,,,,,,,,
,,,,,,,,,,,,,,
,,,,,,,,,,,,,,
,,,,,,,,,,,,,,
,,,,,,,,,,,,,,
,,,,,,,,,,,,,,
,,,,,,,,,,,,,,
,,,,,,,,,,,,,,
,,,,,,,,,,,,,,
,,,,,,,,,,,,,,
,,,,,,,,,,,,,,
,,,,,,,,,,,,,,
,,,,,,,,,,,,,,
,,,,,,,,,,,,,,
,,,,,,,,,,,,,,
,,,,,,,,,,,,,,
,,,,,,,,,,,,,,
,,,,,,,,,,,,,,
,,,,,,,,,,,,,,
,,,,,,,,,,,,,,
,,,,,,,,,,,,,,
,,,,,,,,,,,,,,
,,,,,,,,,,,,,,
,,,,,,,,,,,,,,
,,,,,,,,,,,,,,
,,,,,,,,,,,,,,
,,,,,,,,,,,,,,
,,,,,,,,,,,,,,
,,,,,,,,,,,,,,
,,,,,,,,,,,,,,
,,,,,,,,,,,,,,
,,,,,,,,,,,,,,
,,,,,,,,,,,,,,
,,,,,,,,,,,,,,
,,,,,,,,,,,,,,
,,,,,,,,,,,,,,
,,,,,,,,,,,,,,
,,,,,,,,,,,,,,
,,,,,,,,,,,,,,
,,,,,,,,,,,,,,
,,,,,,,,,,,,,,
,,,,,,,,,,,,,,
,,,,,,,,,,,,,,
,,,,,,,,,,,,,,
,,,,,,,,,,,,,,
,,,,,,,,,,,,,,
,,,,,,,,,,,,,,
,,,,,,,,,,,,,,
,,,,,,,,,,,,,,
,,,,,,,,,,,,,,
,,,,,,,,,,,,,,
,,,,,,,,,,,,,,
,,,,,,,,,,,,,,
,,,,,,,,,,,,,,
,,,,,,,,,,,,,,
,,,,,,,,,,,,,,
,,,,,,,,,,,,,,
,,,,,,,,,,,,,,
,,,,,,,,,,,,,,
,,,,,,,,,,,,,,
,,,,,,,,,,,,,,
,,,,,,,,,,,,,,
,,,,,,,,,,,,,,
,,,,,,,,,,,,,,
,,,,,,,,,,,,,,
,,,,,,,,,,,,,,
,,,,,,,,,,,,,,
,,,,,,,,,,,,,,
,,,,,,,,,,,,,,
,,,,,,,,,,,,,,
,,,,,,,,,,,,,,
,,,,,,,,,,,,,,
,,,,,,,,,,,,,,
,,,,,,,,,,,,,,
,,,,,,,,,,,,,,
,,,,,,,,,,,,,,
,,,,,,,,,,,,,,
,,,,,,,,,,,,,,
,,,,,,,,,,,,,,
,,,,,,,,,,,,,,
,,,,,,,,,,,,,,
,,,,,,,,,,,,,,
,,,,,,,,,,,,,,
,,,,,,,,,,,,,,
,,,,,,,,,,,,,,
,,,,,,,,,,,,,,
,,,,,,,,,,,,,,
,,,,,,,,,,,,,,
,,,,,,,,,,,,,,
,,,,,,,,,,,,,,
,,,,,,,,,,,,,,
,,,,,,,,,,,,,,
,,,,,,,,,,,,,,
,,,,,,,,,,,,,,
,,,,,,,,,,,,,,
,,,,,,,,,,,,,,
,,,,,,,,,,,,,,
,,,,,,,,,,,,,,
,,,,,,,,,,,,,,
,,,,,,,,,,,,,,
,,,,,,,,,,,,,,
,,,,,,,,,,,,,,
,,,,,,,,,,,,,,
,,,,,,,,,,,,,,
,,,,,,,,,,,,,,
,,,,,,,,,,,,,,
,,,,,,,,,,,,,,
,,,,,,,,,,,,,,
,,,,,,,,,,,,,,
,,,,,,,,,,,,,,
,,,,,,,,,,,,,,
,,,,,,,,,,,,,,
,,,,,,,,,,,,,,
,,,,,,,,,,,,,,
,,,,,,,,,,,,,,
,,,,,,,,,,,,,,
,,,,,,,,,,,,,,
,,,,,,,,,,,,,,
,,,,,,,,,,,,,,
,,,,,,,,,,,,,,
,,,,,,,,,,,,,,
,,,,,,,,,,,,,,
,,,,,,,,,,,,,,
,,,,,,,,,,,,,,
,,,,,,,,,,,,,,
,,,,,,,,,,,,,,
,,,,,,,,,,,,,,
,,,,,,,,,,,,,,
,,,,,,,,,,,,,,
,,,,,,,,,,,,,,
,,,,,,,,,,,,,,
,,,,,,,,,,,,,,
,,,,,,,,,,,,,,
,,,,,,,,,,,,,,
,,,,,,,,,,,,,,
,,,,,,,,,,,,,,
,,,,,,,,,,,,,,
,,,,,,,,,,,,,,
,,,,,,,,,,,,,,
,,,,,,,,,,,,,,
,,,,,,,,,,,,,,
,,,,,,,,,,,,,,
,,,,,,,,,,,,,,
,,,,,,,,,,,,,,
,,,,,,,,,,,,,,
,,,,,,,,,,,,,,
,,,,,,,,,,,,,,
,,,,,,,,,,,,,,
,,,,,,,,,,,,,,
,,,,,,,,,,,,,,
,,,,,,,,,,,,,,
,,,,,,,,,,,,,,
,,,,,,,,,,,,,,
,,,,,,,,,,,,,,
,,,,,,,,,,,,,,
,,,,,,,,,,,,,,
,,,,,,,,,,,,,,
,,,,,,,,,,,,,,
,,,,,,,,,,,,,,
,,,,,,,,,,,,,,
,,,,,,,,,,,,,,
,,,,,,,,,,,,,,
,,,,,,,,,,,,,,
,,,,,,,,,,,,,,
,,,,,,,,,,,,,,
,,,,,,,,,,,,,,
,,,,,,,,,,,,,,
,,,,,,,,,,,,,,
,,,,,,,,,,,,,,
,,,,,,,,,,,,,,
,,,,,,,,,,,,,,
,,,,,,,,,,,,,,
,,,,,,,,,,,,,,
,,,,,,,,,,,,,,
,,,,,,,,,,,,,,
,,,,,,,,,,,,,,
,,,,,,,,,,,,,,
,,,,,,,,,,,,,,
,,,,,,,,,,,,,,
,,,,,,,,,,,,,,
,,,,,,,,,,,,,,
,,,,,,,,,,,,,,
,,,,,,,,,,,,,,
,,,,,,,,,,,,,,
,,,,,,,,,,,,,,
,,,,,,,,,,,,,,
,,,,,,,,,,,,,,
,,,,,,,,,,,,,,
,,,,,,,,,,,,,,
,,,,,,,,,,,,,,
,,,,,,,,,,,,,,
,,,,,,,,,,,,,,
,,,,,,,,,,,,,,
,,,,,,,,,,,,,,
,,,,,,,,,,,,,,
,,,,,,,,,,,,,,
,,,,,,,,,,,,,,
,,,,,,,,,,,,,,
,,,,,,,,,,,,,,
,,,,,,,,,,,,,,
,,,,,,,,,,,,,,
,,,,,,,,,,,,,,
,,,,,,,,,,,,,,
,,,,,,,,,,,,,,
,,,,,,,,,,,,,,
,,,,,,,,,,,,,,
,,,,,,,,,,,,,,
,,,,,,,,,,,,,,
,,,,,,,,,,,,,,
,,,,,,,,,,,,,,
,,,,,,,,,,,,,,
,,,,,,,,,,,,,,
,,,,,,,,,,,,,,
,,,,,,,,,,,,,,
,,,,,,,,,,,,,,
,,,,,,,,,,,,,,
,,,,,,,,,,,,,,
,,,,,,,,,,,,,,
,,,,,,,,,,,,,,
,,,,,,,,,,,,,,
,,,,,,,,,,,,,,
,,,,,,,,,,,,,,
,,,,,,,,,,,,,,
,,,,,,,,,,,,,,
,,,,,,,,,,,,,,
,,,,,,,,,,,,,,
,,,,,,,,,,,,,,
,,,,,,,,,,,,,,
,,,,,,,,,,,,,,
,,,,,,,,,,,,,,
,,,,,,,,,,,,,,
,,,,,,,,,,,,,,
,,,,,,,,,,,,,,
,,,,,,,,,,,,,,
,,,,,,,,,,,,,,
,,,,,,,,,,,,,,
,,,,,,,,,,,,,,
,,,,,,,,,,,,,,
,,,,,,,,,,,,,,
,,,,,,,,,,,,,,
,,,,,,,,,,,,,,
,,,,,,,,,,,,,,
,,,,,,,,,,,,,,
,,,,,,,,,,,,,,
,,,,,,,,,,,,,,
,,,,,,,,,,,,,,
,,,,,,,,,,,,,,
,,,,,,,,,,,,,,
,,,,,,,,,,,,,,
,,,,,,,,,,,,,,
,,,,,,,,,,,,,,
,,,,,,,,,,,,,,
,,,,,,,,,,,,,,
,,,,,,,,,,,,,,
,,,,,,,,,,,,,,
,,,,,,,,,,,,,,
,,,,,,,,,,,,,,
,,,,,,,,,,,,,,
,,,,,,,,,,,,,,
,,,,,,,,,,,,,,
,,,,,,,,,,,,,,
,,,,,,,,,,,,,,
,,,,,,,,,,,,,,
,,,,,,,,,,,,,,
,,,,,,,,,,,,,,
